observation_date,VIXCLS,T10Y2Y,BAMLH0A0HYM2
2002-01-04,20.45,1.99,7.99
2002-01-11,22.60,2.16,8.17
2002-01-18,22.52,2.03,8.28
2002-01-25,21.01,1.93,8.14
2002-02-01,21.12,1.94,7.81
2002-02-08,23.26,1.95,8.08
2002-02-15,22.37,1.89,8.11
2002-02-22,22.86,1.87,8.28
2002-03-01,19.96,1.80,7.99
2002-03-08,19.27,1.73,7.34
2002-03-15,18.42,1.72,7.18
2002-03-22,17.77,1.63,7.08
2002-03-29,17.40,1.70,7.11
2002-04-05,19.13,1.73,7.21
2002-04-12,19.42,1.77,7.26
2002-04-19,18.30,1.85,7.14
2002-04-26,22.14,1.86,7.24
2002-05-03,20.19,1.91,6.94
2002-05-10,22.41,1.96,6.97
2002-05-17,17.70,1.86,7.01
2002-05-24,18.90,1.88,7.08
2002-05-31,19.98,1.86,7.28
2002-06-07,23.51,1.94,7.41
2002-06-14,25.96,1.91,7.90
2002-06-21,27.23,1.91,8.14
2002-06-28,25.40,1.96,9.23
2002-07-05,27.11,2.00,8.96
2002-07-12,32.94,2.07,9.26
2002-07-19,38.17,2.13,9.37
2002-07-26,35.51,2.23,10.13
2002-08-02,41.29,2.34,9.76
2002-08-09,35.33,2.17,9.92
2002-08-16,28.81,2.04,9.93
2002-08-23,29.32,2.06,9.62
2002-08-30,32.64,2.00,9.50
2002-09-06,36.33,1.97,9.69
2002-09-13,35.82,1.85,9.65
2002-09-20,38.98,1.85,9.92
2002-09-27,36.97,1.87,10.30
2002-10-04,39.46,1.91,10.55
2002-10-11,35.70,1.98,11.07
2002-10-18,33.53,2.05,10.65
2002-10-25,30.00,2.14,10.57
2002-11-01,29.30,2.25,10.47
2002-11-08,29.41,1.98,10.16
2002-11-15,26.65,2.14,9.78
2002-11-22,23.16,2.08,9.04
2002-11-29,27.50,2.14,9.01
2002-12-06,28.88,2.20,9.00
2002-12-13,28.18,2.20,8.99
2002-12-20,26.71,2.21,8.99
2002-12-27,29.55,2.23,9.11
2003-01-03,24.68,2.26,8.57
2003-01-10,24.32,2.37,7.92
2003-01-17,25.70,2.35,8.10
2003-01-24,31.51,2.28,8.21
2003-01-31,31.17,2.28,8.29
2003-02-07,34.01,2.33,8.39
2003-02-14,32.62,2.33,8.62
2003-02-21,30.25,2.27,8.42
2003-02-28,29.63,2.18,8.38
2003-03-07,31.08,2.24,8.34
2003-03-14,30.98,2.16,8.17
2003-03-21,28.67,2.31,7.69
2003-03-28,27.75,2.36,7.75
2003-04-04,29.13,2.41,7.24
2003-04-11,24.44,2.35,7.21
2003-04-18,21.50,2.27,6.97
2003-04-25,20.80,2.34,6.68
2003-05-02,20.63,2.38,6.26
2003-05-09,19.69,2.24,6.53
2003-05-16,18.40,2.08,6.63
2003-05-23,19.17,1.96,6.87
2003-05-30,19.47,2.04,6.81
2003-06-06,21.25,2.10,6.48
2003-06-13,20.66,2.03,6.46
2003-06-20,19.14,2.18,6.07
2003-06-27,19.16,2.20,6.03
2003-07-04,19.39,2.35,6.11
2003-07-11,18.47,2.37,6.05
2003-07-18,19.11,2.49,5.76
2003-07-25,17.75,2.70,5.73
2003-08-01,20.75,2.59,5.77
2003-08-08,19.59,2.55,6.13
2003-08-15,18.27,2.70,6.07
2003-08-22,18.55,2.51,5.62
2003-08-29,18.63,2.50,5.43
2003-09-05,18.17,2.63,5.42
2003-09-12,18.68,2.61,5.42
2003-09-19,17.54,2.47,5.26
2003-09-26,22.23,2.44,5.45
2003-10-03,19.50,2.56,5.18
2003-10-10,18.45,2.64,5.02
2003-10-17,17.62,2.51,4.68
2003-10-24,17.71,2.48,4.89
2003-10-31,16.10,2.48,4.73
2003-11-07,16.93,2.44,4.52
2003-11-14,16.94,2.38,4.74
2003-11-21,18.98,2.31,4.75
2003-11-28,16.32,2.28,4.46
2003-12-05,17.09,2.35,4.39
2003-12-12,16.41,2.42,4.34
2003-12-19,16.42,2.33,4.33
2003-12-26,17.45,2.35,4.28
2004-01-02,18.22,2.44,4.08
2004-01-09,16.75,2.43,4.01
2004-01-16,15.00,2.34,3.94
2004-01-23,14.84,2.38,3.79
2004-01-30,16.63,2.32,4.03
2004-02-06,16.00,2.35,4.34
2004-02-13,15.58,2.35,4.25
2004-02-20,16.04,2.35,4.22
2004-02-27,14.55,2.33,4.34
2004-03-05,14.48,2.28,4.35
2004-03-12,18.30,2.24,4.39
2004-03-19,19.15,2.24,4.43
2004-03-26,17.33,2.26,4.42
2004-04-02,15.64,2.29,4.16
2004-04-09,16.26,2.33,4.06
2004-04-16,14.94,2.34,3.96
2004-04-23,14.01,2.19,3.81
2004-04-30,17.19,2.22,3.91
2004-05-07,18.13,2.15,3.99
2004-05-14,18.47,2.20,4.48
2004-05-21,18.49,2.16,4.32
2004-05-28,15.50,2.12,4.24
2004-06-04,16.78,2.08,4.16
2004-06-11,15.04,2.00,4.05
2004-06-18,14.99,1.91,4.02
2004-06-25,15.19,1.92,4.00
2004-07-02,15.08,1.94,4.17
2004-07-09,15.78,1.94,4.08
2004-07-16,14.34,1.84,4.02
2004-07-23,16.50,1.76,3.95
2004-07-30,15.32,1.82,3.99
2004-08-06,19.34,1.84,4.19
2004-08-13,17.98,1.75,4.20
2004-08-20,16.00,1.78,4.07
2004-08-27,14.71,1.75,3.97
2004-09-03,13.91,1.69,3.89
2004-09-10,13.76,1.69,3.88
2004-09-17,14.03,1.61,3.83
2004-09-24,14.28,1.42,3.78
2004-10-01,12.75,1.58,3.78
2004-10-08,15.05,1.54,3.73
2004-10-15,15.04,1.54,3.74
2004-10-22,15.28,1.45,3.78
2004-10-29,16.27,1.49,3.56
2004-11-05,13.84,1.41,3.29
2004-11-12,13.33,1.34,3.31
2004-11-19,13.50,1.25,3.21
2004-11-26,12.79,1.21,3.15
2004-12-03,12.96,1.33,3.20
2004-12-10,12.76,1.21,3.17
2004-12-17,11.95,1.18,3.06
2004-12-24,11.23,1.21,3.05
2004-12-31,13.29,1.16,3.10
2005-01-07,13.49,1.09,3.07
2005-01-14,12.43,0.99,3.22
2005-01-21,14.36,1.00,3.37
2005-01-28,13.24,0.91,3.27
2005-02-04,11.21,0.80,3.19
2005-02-11,11.43,0.76,3.12
2005-02-18,11.18,0.82,2.93
2005-02-25,11.49,0.73,2.85
2005-03-04,11.94,0.75,2.86
2005-03-11,12.80,0.83,2.73
2005-03-18,13.14,0.79,2.98
2005-03-25,13.42,0.72,3.18
2005-04-01,14.09,0.71,3.55
2005-04-08,12.62,0.73,3.39
2005-04-15,17.74,0.73,3.89
2005-04-22,15.38,0.64,3.86
2005-04-29,15.31,0.55,4.15
2005-05-06,14.05,0.55,4.07
2005-05-13,16.32,0.51,4.39
2005-05-20,13.14,0.44,4.33
2005-05-27,12.15,0.44,4.02
2005-06-03,12.15,0.41,3.90
2005-06-10,11.96,0.34,3.91
2005-06-17,11.48,0.37,3.81
2005-06-24,12.18,0.33,3.93
2005-07-01,11.40,0.30,3.75
2005-07-08,11.45,0.33,3.67
2005-07-15,10.33,0.32,3.43
2005-07-22,10.52,0.31,3.39
2005-07-29,11.57,0.26,3.25
2005-08-05,12.48,0.29,3.29
2005-08-12,12.74,0.19,3.42
2005-08-19,13.42,0.18,3.39
2005-08-26,13.72,0.14,3.34
2005-09-02,13.57,0.28,3.70
2005-09-09,11.98,0.26,3.59
2005-09-16,11.22,0.29,3.54
2005-09-23,12.96,0.23,3.71
2005-09-30,11.92,0.16,3.54
2005-10-07,14.59,0.17,3.59
2005-10-14,14.87,0.21,3.72
2005-10-21,16.13,0.17,3.59
2005-10-28,14.25,0.18,3.58
2005-11-04,13.17,0.19,3.48
2005-11-11,11.63,0.11,3.56
2005-11-18,11.12,0.10,3.69
2005-11-25,10.88,0.10,3.72
2005-12-02,11.01,0.09,3.63
2005-12-09,11.69,0.11,3.60
2005-12-16,10.68,0.08,3.65
2005-12-23,10.27,0.01,3.71
2005-12-30,12.07,-0.02,3.65
2006-01-06,11.00,0.02,3.56
2006-01-13,11.23,0.02,3.62
2006-01-20,14.56,0.00,3.60
2006-01-27,11.97,0.01,3.40
2006-02-03,12.96,-0.05,3.38
2006-02-10,12.87,-0.10,3.35
2006-02-17,12.01,-0.12,3.30
2006-02-24,11.46,-0.16,3.28
2006-03-03,11.96,-0.08,3.29
2006-03-10,11.85,0.02,3.30
2006-03-17,12.12,0.03,3.31
2006-03-24,11.19,-0.05,3.23
2006-03-31,11.39,0.04,3.13
2006-04-07,12.26,0.08,3.06
2006-04-14,12.38,0.09,3.05
2006-04-21,11.59,0.11,3.04
2006-04-28,11.59,0.20,3.00
2006-05-05,11.62,0.18,2.96
2006-05-12,14.19,0.18,2.88
2006-05-19,17.18,0.09,3.08
2006-05-26,14.26,0.10,3.12
2006-06-02,14.32,0.08,3.22
2006-06-09,18.12,-0.03,3.27
2006-06-16,17.25,-0.03,3.26
2006-06-23,15.89,-0.04,3.31
2006-06-30,13.08,-0.01,3.35
2006-07-07,13.97,-0.03,3.33
2006-07-14,18.05,-0.01,3.44
2006-07-21,17.40,-0.03,3.41
2006-07-28,14.33,0.02,3.40
2006-08-04,14.34,0.00,3.44
2006-08-11,14.30,0.01,3.39
2006-08-18,11.64,-0.03,3.41
2006-08-25,12.31,-0.07,3.44
2006-09-01,11.96,-0.04,3.49
2006-09-08,13.16,-0.02,3.42
2006-09-15,11.76,-0.07,3.33
2006-09-22,12.59,-0.07,3.53
2006-09-29,11.98,-0.07,3.42
2006-10-06,11.56,-0.04,3.31
2006-10-13,10.75,-0.06,3.19
2006-10-20,10.63,-0.08,3.17
2006-10-27,10.80,-0.08,3.23
2006-11-03,11.16,-0.10,3.12
2006-11-10,10.79,-0.14,3.15
2006-11-17,10.05,-0.15,3.06
2006-11-24,10.73,-0.18,3.15
2006-12-01,11.66,-0.09,3.21
2006-12-08,12.07,-0.12,3.00
2006-12-15,10.05,-0.13,2.98
2006-12-22,11.36,-0.08,2.93
2006-12-29,11.56,-0.11,2.82
2007-01-05,12.14,-0.11,2.93
2007-01-12,10.15,-0.11,2.80
2007-01-19,10.40,-0.15,2.70
2007-01-26,11.13,-0.11,2.59
2007-02-02,10.08,-0.11,2.67
2007-02-09,11.10,-0.13,2.59
2007-02-16,10.02,-0.14,2.57
2007-02-23,10.58,-0.14,2.55
2007-03-02,18.61,-0.04,2.91
2007-03-09,14.09,-0.07,2.75
2007-03-16,16.79,-0.03,2.88
2007-03-23,12.95,0.02,2.79
2007-03-30,14.64,0.07,2.80
2007-04-06,13.23,0.01,2.84
2007-04-13,12.20,0.00,2.71
2007-04-20,12.07,0.04,2.68
2007-04-27,12.45,0.04,2.63
2007-05-04,12.91,-0.03,2.70
2007-05-11,12.95,-0.04,2.63
2007-05-18,12.76,-0.01,2.51
2007-05-25,13.34,0.01,2.45
2007-06-01,12.78,-0.02,2.41
2007-06-08,14.84,0.11,2.51
2007-06-15,13.94,0.11,2.51
2007-06-22,15.75,0.22,2.69
2007-06-29,16.23,0.16,2.89
2007-07-06,14.72,0.20,2.90
2007-07-13,15.15,0.17,3.06
2007-07-20,16.95,0.17,3.37
2007-07-27,24.17,0.24,4.28
2007-08-03,25.16,0.25,4.24
2007-08-10,28.30,0.34,4.12
2007-08-17,29.99,0.50,4.48
2007-08-24,20.72,0.33,4.29
2007-08-31,23.38,0.39,4.55
2007-09-07,26.23,0.48,4.73
2007-09-14,24.92,0.42,4.58
2007-09-21,19.00,0.58,4.16
2007-09-28,18.00,0.62,4.16
2007-10-05,16.91,0.57,4.02
2007-10-12,17.73,0.47,3.83
2007-10-19,22.96,0.61,4.36
2007-10-26,19.56,0.64,4.39
2007-11-02,23.01,0.65,4.65
2007-11-09,28.50,0.81,5.02
2007-11-16,25.49,0.82,5.37
2007-11-23,25.61,0.94,5.80
2007-11-30,22.87,0.93,5.75
2007-12-07,20.85,1.00,5.63
2007-12-14,23.27,0.93,5.54
2007-12-21,18.47,0.99,5.68
2007-12-28,20.74,0.99,5.73
2008-01-04,23.94,1.14,6.36
2008-01-11,23.68,1.23,6.68
2008-01-18,27.18,1.30,7.04
2008-01-25,29.08,1.38,6.99
2008-02-01,24.02,1.53,6.96
2008-02-08,28.01,1.71,7.25
2008-02-15,25.02,1.85,7.30
2008-02-22,24.06,1.81,7.35
2008-02-29,26.54,1.88,7.67
2008-03-07,27.49,2.03,7.92
2008-03-14,31.16,1.97,8.38
2008-03-21,26.62,1.75,8.40
2008-03-28,25.71,1.80,7.99
2008-04-04,22.45,1.67,7.76
2008-04-11,23.46,1.73,7.76
2008-04-18,20.13,1.58,7.15
2008-04-25,19.59,1.47,6.84
2008-05-02,18.18,1.42,6.64
2008-05-09,19.41,1.52,6.90
2008-05-16,16.47,1.38,6.63
2008-05-23,19.55,1.39,6.70
2008-05-30,17.83,1.40,6.57
2008-06-06,23.56,1.54,6.68
2008-06-13,21.22,1.22,6.39
2008-06-20,22.87,1.28,6.70
2008-06-27,23.44,1.34,7.41
2008-07-04,24.79,1.45,7.63
2008-07-11,27.49,1.37,7.88
2008-07-18,24.05,1.45,7.67
2008-07-25,22.91,1.43,7.60
2008-08-01,22.57,1.46,8.13
2008-08-08,20.66,1.43,8.14
2008-08-15,19.58,1.44,8.12
2008-08-22,18.81,1.45,8.25
2008-08-29,20.65,1.47,8.28
2008-09-05,23.06,1.43,8.55
2008-09-12,25.66,1.51,8.54
2008-09-19,32.07,1.62,9.21
2008-09-26,34.74,1.74,10.25
2008-10-03,45.14,2.03,12.24
2008-10-10,69.95,2.27,15.36
2008-10-17,70.33,2.34,15.95
2008-10-24,79.13,2.19,16.69
2008-10-31,59.89,2.45,16.17
2008-11-07,56.10,2.50,16.31
2008-11-14,66.31,2.50,17.16
2008-11-21,72.67,2.11,19.92
2008-11-28,55.84,1.93,19.78
2008-12-05,59.93,1.74,20.74
2008-12-12,54.28,1.82,21.30
2008-12-19,44.93,1.39,20.43
2008-12-26,43.38,1.27,19.55
2009-01-02,39.19,1.58,17.84
2009-01-09,42.82,1.68,16.65
2009-01-16,46.11,1.63,16.79
2009-01-23,47.27,1.82,16.73
2009-01-30,44.84,1.93,16.22
2009-02-06,43.37,2.06,16.05
2009-02-13,42.93,1.92,16.21
2009-02-20,49.30,1.82,16.76
2009-02-27,46.35,2.02,17.39
2009-03-06,49.33,1.92,18.66
2009-03-13,42.36,1.91,18.04
2009-03-20,45.89,1.76,17.74
2009-03-27,41.04,1.88,16.75
2009-04-03,39.70,1.95,16.53
2009-04-10,36.53,2.00,16.19
2009-04-17,33.94,1.99,15.05
2009-04-24,36.82,2.04,14.87
2009-05-01,35.30,2.29,13.34
2009-05-08,32.05,2.29,12.41
2009-05-15,33.12,2.26,12.91
2009-05-22,32.63,2.53,12.13
2009-05-29,28.92,2.55,11.76
2009-06-05,29.62,2.52,10.70
2009-06-12,28.15,2.51,10.41
2009-06-19,27.99,2.54,10.75
2009-06-26,25.93,2.42,11.09
2009-07-03,27.95,2.53,10.52
2009-07-10,29.02,2.41,10.89
2009-07-17,24.34,2.65,10.41
2009-07-24,23.09,2.65,9.80
2009-07-31,25.92,2.39,9.22
2009-08-07,24.76,2.57,8.57
2009-08-14,24.27,2.48,8.94
2009-08-21,25.01,2.43,9.13
2009-08-28,24.76,2.45,9.04
2009-09-04,25.26,2.51,9.09
2009-09-11,24.15,2.44,8.78
2009-09-18,23.92,2.46,7.98
2009-09-25,25.61,2.36,7.89
2009-10-02,28.68,2.36,8.20
2009-10-09,23.12,2.42,7.87
2009-10-16,21.43,2.46,7.69
2009-10-23,22.27,2.47,7.45
2009-10-30,30.69,2.51,7.66
2009-11-06,24.19,2.68,7.60
2009-11-13,23.36,2.61,7.52
2009-11-20,22.19,2.61,7.54
2009-11-27,24.85,2.53,7.64
2009-12-04,21.25,2.64,7.24
2009-12-11,21.59,2.72,7.09
2009-12-18,21.68,2.73,6.84
2009-12-25,19.47,2.82,6.54
2010-01-01,21.68,2.71,6.39
2010-01-08,18.13,2.87,6.02
2010-01-15,17.91,2.81,6.10
2010-01-22,27.31,2.78,6.36
2010-01-29,24.62,2.81,6.46
2010-02-05,26.11,2.82,6.81
2010-02-12,22.73,2.85,7.03
2010-02-19,20.02,2.83,6.56
2010-02-26,19.50,2.80,6.66
2010-03-05,17.42,2.78,6.37
2010-03-12,17.58,2.74,6.11
2010-03-19,16.97,2.68,5.98
2010-03-26,17.77,2.82,5.80
2010-04-02,17.47,2.85,5.82
2010-04-09,16.14,2.82,5.68
2010-04-16,18.36,2.81,5.57
2010-04-23,16.62,2.74,5.44
2010-04-30,22.05,2.72,5.61
2010-05-07,40.95,2.62,6.47
2010-05-14,31.24,2.65,6.33
2010-05-21,40.10,2.44,7.02
2010-05-28,32.07,2.55,6.90
2010-06-04,35.48,2.48,7.14
2010-06-11,28.79,2.49,7.27
2010-06-18,23.95,2.50,6.82
2010-06-25,28.53,2.47,6.90
2010-07-02,30.12,2.37,7.13
2010-07-09,24.98,2.44,6.88
2010-07-16,26.25,2.35,6.77
2010-07-23,23.47,2.42,6.59
2010-07-30,23.50,2.39,6.57
2010-08-06,21.74,2.36,6.57
2010-08-13,26.24,2.14,6.87
2010-08-20,25.49,2.13,6.80
2010-08-27,24.45,2.10,6.81
2010-09-03,21.31,2.20,6.62
2010-09-10,21.99,2.23,6.37
2010-09-17,22.01,2.27,6.24
2010-09-24,21.71,2.17,6.32
2010-10-01,22.50,2.12,6.22
2010-10-08,20.71,2.06,6.12
2010-10-15,19.03,2.22,5.95
2010-10-22,18.78,2.24,5.96
2010-10-29,21.20,2.29,5.82
2010-11-05,18.26,2.20,5.79
2010-11-12,20.61,2.25,5.75
2010-11-19,18.04,2.36,5.81
2010-11-26,22.22,2.36,5.94
2010-12-03,18.01,2.54,5.92
2010-12-10,17.61,2.68,5.54
2010-12-17,16.11,2.72,5.54
2010-12-24,16.47,2.74,5.37
2010-12-31,17.75,2.69,5.41
2011-01-07,17.14,2.74,5.23
2011-01-14,15.46,2.76,5.12
2011-01-21,18.47,2.81,5.05
2011-01-28,20.04,2.82,5.03
2011-02-04,15.93,2.91,4.68
2011-02-11,15.69,2.79,4.59
2011-02-18,16.43,2.81,4.53
2011-02-25,19.22,2.70,4.72
2011-03-04,19.06,2.81,4.69
2011-03-11,20.08,2.76,4.88
2011-03-18,24.44,2.67,5.02
2011-03-25,17.91,2.67,4.79
2011-04-01,17.40,2.66,4.72
2011-04-08,17.87,2.76,4.53
2011-04-15,15.32,2.72,4.68
2011-04-22,14.69,2.74,4.65
2011-04-29,14.75,2.71,4.71
2011-05-06,18.40,2.62,4.81
2011-05-13,17.07,2.61,4.80
2011-05-20,17.43,2.60,4.82
2011-05-27,15.98,2.59,5.01
2011-06-03,17.95,2.57,5.24
2011-06-10,18.86,2.58,5.43
2011-06-17,21.85,2.56,5.64
2011-06-24,21.10,2.53,5.80
2011-07-01,15.87,2.72,5.34
2011-07-08,15.95,2.63,5.39
2011-07-15,19.53,2.57,5.51
2011-07-22,17.52,2.59,5.35
2011-07-29,25.25,2.46,5.51
2011-08-05,32.00,2.30,6.24
2011-08-12,36.36,2.04,7.30
2011-08-19,43.05,1.87,7.30
2011-08-26,35.59,1.99,7.50
2011-09-02,33.92,1.82,7.33
2011-09-09,38.52,1.76,7.51
2011-09-16,30.98,1.90,7.46
2011-09-23,41.25,1.61,8.01
2011-09-30,42.96,1.67,8.41
2011-10-07,36.20,1.80,8.55
2011-10-14,28.24,1.98,7.89
2011-10-21,31.32,1.93,7.46
2011-10-28,24.53,2.06,6.85
2011-11-04,30.16,1.84,7.26
2011-11-11,30.04,1.80,7.46
2011-11-18,32.00,1.72,7.61
2011-11-25,34.47,1.69,8.00
2011-12-02,27.52,1.80,7.65
2011-12-09,26.38,1.85,7.53
2011-12-16,24.29,1.62,7.65
2011-12-23,20.73,1.75,7.37
2011-12-30,23.40,1.64,7.38
2012-01-06,20.63,1.73,7.00
2012-01-13,20.91,1.65,7.02
2012-01-20,18.28,1.79,6.69
2012-01-27,18.53,1.71,6.57
2012-02-03,17.10,1.74,6.42
2012-02-10,20.79,1.69,6.35
2012-02-17,17.78,1.72,6.20
2012-02-24,17.31,1.67,6.01
2012-03-02,17.29,1.71,5.97
2012-03-09,17.11,1.71,6.09
2012-03-16,14.47,1.94,5.86
2012-03-23,14.82,1.88,5.93
2012-03-30,15.50,1.90,5.95
2012-04-06,16.70,1.75,6.05
2012-04-13,19.55,1.75,6.26
2012-04-20,17.44,1.70,6.14
2012-04-27,16.32,1.70,6.02
2012-05-04,19.16,1.64,5.94
2012-05-11,19.89,1.57,6.02
2012-05-18,25.10,1.39,6.52
2012-05-25,21.76,1.45,6.63
2012-06-01,26.66,1.22,7.16
2012-06-08,21.23,1.37,6.95
2012-06-15,21.11,1.31,6.84
2012-06-22,18.11,1.38,6.52
2012-06-29,17.08,1.34,6.36
2012-07-06,17.10,1.30,6.44
2012-07-13,16.74,1.27,6.41
2012-07-20,16.27,1.27,6.28
2012-07-27,16.70,1.33,6.22
2012-08-03,15.64,1.36,6.01
2012-08-10,14.74,1.38,5.98
2012-08-17,13.45,1.52,5.89
2012-08-24,15.18,1.40,5.87
2012-08-31,17.47,1.35,5.98
2012-09-07,14.38,1.42,5.74
2012-09-14,14.51,1.61,5.30
2012-09-21,13.98,1.50,5.42
2012-09-28,15.73,1.42,5.72
2012-10-05,14.33,1.48,5.55
2012-10-12,16.14,1.42,5.56
2012-10-19,17.06,1.49,5.31
2012-10-26,17.81,1.48,5.41
2012-11-02,17.59,1.47,5.54
2012-11-09,18.61,1.34,5.77
2012-11-16,16.41,1.34,5.98
2012-11-23,15.14,1.41,5.71
2012-11-30,15.87,1.37,5.65
2012-12-07,15.90,1.39,5.42
2012-12-14,17.00,1.48,5.28
2012-12-21,17.84,1.51,5.26
2012-12-28,22.72,1.46,5.30
2013-01-04,13.83,1.66,5.04
2013-01-11,13.36,1.63,4.93
2013-01-18,12.46,1.61,4.89
2013-01-25,12.89,1.70,4.73
2013-02-01,12.90,1.77,4.94
2013-02-08,13.02,1.74,5.08
2013-02-15,12.46,1.72,4.96
2013-02-22,14.17,1.70,4.97
2013-03-01,15.36,1.61,5.00
2013-03-08,12.59,1.79,4.76
2013-03-15,11.30,1.76,4.72
2013-03-22,13.57,1.67,4.78
2013-03-29,12.70,1.62,4.80
2013-04-05,13.92,1.48,4.95
2013-04-12,12.06,1.53,4.75
2013-04-19,14.97,1.49,4.78
2013-04-26,13.61,1.48,4.60
2013-05-03,12.85,1.56,4.33
2013-05-10,12.59,1.64,4.23
2013-05-17,12.45,1.69,4.37
2013-05-24,13.99,1.75,4.45
2013-05-31,16.30,1.86,4.62
2013-06-07,15.14,1.85,4.89
2013-06-14,17.15,1.85,5.04
2013-06-21,18.90,2.14,5.09
2013-06-28,16.86,2.16,5.16
2013-07-05,14.89,2.33,5.04
2013-07-12,13.84,2.24,4.80
2013-07-19,12.54,2.18,4.56
2013-07-26,12.72,2.27,4.71
2013-08-02,11.98,2.33,4.74
2013-08-09,13.41,2.25,4.80
2013-08-16,14.37,2.48,4.70
2013-08-23,13.98,2.42,4.75
2013-08-30,17.01,2.39,4.76
2013-09-06,15.85,2.48,4.63
2013-09-13,14.16,2.45,4.60
2013-09-20,13.12,2.41,4.54
2013-09-27,15.46,2.30,4.75
2013-10-04,16.74,2.33,4.70
2013-10-11,15.72,2.35,4.62
2013-10-18,13.04,2.27,4.46
2013-10-25,13.09,2.21,4.42
2013-11-01,13.28,2.32,4.31
2013-11-08,12.90,2.45,4.38
2013-11-15,12.19,2.40,4.38
2013-11-22,12.26,2.44,4.30
2013-11-29,13.70,2.47,4.23
2013-12-06,13.79,2.58,4.13
2013-12-13,15.76,2.54,4.12
2013-12-20,13.79,2.52,4.04
2013-12-27,12.46,2.62,3.96
2014-01-03,13.76,2.60,3.98
2014-01-10,12.14,2.49,3.95
2014-01-17,12.44,2.44,3.88
2014-01-24,18.14,2.38,4.08
2014-01-31,18.41,2.33,4.21
2014-02-07,15.29,2.41,4.20
2014-02-14,13.57,2.43,4.03
2014-02-21,14.68,2.40,3.90
2014-02-28,14.00,2.33,3.81
2014-03-07,14.11,2.42,3.79
2014-03-14,17.82,2.29,3.96
2014-03-21,15.00,2.30,3.76
2014-03-28,14.41,2.28,3.73
2014-04-04,13.96,2.31,3.68
2014-04-11,17.03,2.26,3.82
2014-04-18,13.36,2.30,3.68
2014-04-25,14.06,2.25,3.69
2014-05-02,12.91,2.18,3.73
2014-05-09,12.92,2.22,3.74
2014-05-16,12.44,2.14,3.77
2014-05-23,11.36,2.17,3.78
2014-05-30,11.40,2.11,3.75
2014-06-06,10.73,2.19,3.53
2014-06-13,12.18,2.15,3.47
2014-06-20,10.85,2.13,3.36
2014-06-27,11.26,2.09,3.48
2014-07-04,10.32,2.13,3.44
2014-07-11,12.08,2.05,3.61
2014-07-18,12.06,1.99,3.78
2014-07-25,12.69,1.95,3.75
2014-08-01,17.03,2.05,4.25
2014-08-08,15.77,1.99,4.20
2014-08-15,13.15,1.92,3.97
2014-08-22,11.47,1.87,3.79
2014-08-29,11.98,1.87,3.80
2014-09-05,12.09,1.94,3.93
2014-09-12,13.31,2.04,4.03
2014-09-19,12.11,2.00,3.97
2014-09-26,14.85,1.95,4.40
2014-10-03,14.55,1.88,4.29
2014-10-10,21.24,1.86,4.66
2014-10-17,21.99,1.83,4.68
2014-10-24,16.11,1.88,4.38
2014-10-31,14.03,1.85,4.30
2014-11-07,13.12,1.81,4.36
2014-11-14,13.31,1.78,4.43
2014-11-21,12.90,1.78,4.54
2014-11-28,13.33,1.71,4.64
2014-12-05,11.82,1.66,4.77
2014-12-12,21.08,1.54,5.47
2014-12-19,16.49,1.50,5.09
2014-12-26,14.50,1.52,4.93
2015-01-02,17.79,1.46,5.08
2015-01-09,17.55,1.39,5.20
2015-01-16,20.95,1.34,5.42
2015-01-23,16.66,1.29,5.30
2015-01-30,20.97,1.21,5.37
2015-02-06,17.29,1.30,4.78
2015-02-13,14.69,1.36,4.71
2015-02-20,14.30,1.46,4.53
2015-02-27,13.34,1.37,4.43
2015-03-06,15.20,1.51,4.42
2015-03-13,16.00,1.45,4.68
2015-03-20,13.02,1.33,4.81
2015-03-27,15.07,1.37,4.76
2015-04-03,14.67,1.36,4.82
2015-04-10,12.58,1.39,4.60
2015-04-17,13.89,1.36,4.66
2015-04-24,12.29,1.39,4.56
2015-05-01,12.70,1.52,4.53
2015-05-08,12.86,1.57,4.53
2015-05-15,12.38,1.59,4.55
2015-05-22,12.13,1.57,4.47
2015-05-29,13.84,1.51,4.52
2015-06-05,14.21,1.68,4.56
2015-06-12,13.78,1.65,4.63
2015-06-19,13.96,1.61,4.73
2015-06-26,14.02,1.77,4.65
2015-07-03,16.79,1.76,4.91
2015-07-10,16.83,1.77,4.97
2015-07-17,11.95,1.66,4.95
2015-07-24,13.74,1.57,5.32
2015-07-31,12.12,1.53,5.36
2015-08-07,13.39,1.45,5.52
2015-08-14,12.83,1.47,5.52
2015-08-21,28.03,1.41,5.86
2015-08-28,26.05,1.47,5.72
2015-09-04,27.80,1.42,5.74
2015-09-11,23.20,1.49,5.62
2015-09-18,22.28,1.44,5.80
2015-09-25,23.62,1.47,6.15
2015-10-02,20.94,1.41,6.83
2015-10-09,17.08,1.47,6.13
2015-10-16,15.05,1.43,6.18
2015-10-23,14.46,1.43,5.97
2015-10-30,15.07,1.41,5.88
2015-11-06,14.33,1.44,5.82
2015-11-13,20.08,1.42,6.24
2015-11-20,15.47,1.33,6.32
2015-11-27,15.12,1.30,6.38
2015-12-04,14.81,1.32,6.37
2015-12-11,24.39,1.25,7.10
2015-12-18,20.70,1.22,7.20
2015-12-25,15.74,1.22,7.05
2016-01-01,18.21,1.21,6.95
2016-01-08,27.01,1.19,7.23
2016-01-15,27.02,1.18,7.89
2016-01-22,22.34,1.19,7.87
2016-01-29,20.20,1.18,7.74
2016-02-05,23.38,1.12,8.10
2016-02-12,25.40,1.03,8.64
2016-02-19,20.53,1.00,8.23
2016-02-26,19.81,0.96,7.80
2016-03-04,16.86,1.00,7.08
2016-03-11,16.50,1.01,6.82
2016-03-18,14.02,1.04,6.71
2016-03-25,14.74,1.02,6.93
2016-04-01,13.10,1.03,7.05
2016-04-08,15.36,1.02,7.03
2016-04-15,13.62,1.02,6.62
2016-04-22,13.22,1.05,6.29
2016-04-29,15.70,1.06,6.24
2016-05-06,14.72,1.05,6.48
2016-05-13,15.04,0.95,6.41
2016-05-20,15.20,0.96,6.22
2016-05-27,13.12,0.95,6.08
2016-06-03,13.47,0.93,6.09
2016-06-10,17.03,0.91,5.98
2016-06-17,19.41,0.92,6.21
2016-06-24,25.76,0.93,6.33
2016-07-01,14.77,0.87,6.12
2016-07-08,13.20,0.76,5.88
2016-07-15,12.67,0.89,5.42
2016-07-22,12.02,0.86,5.39
2016-07-29,11.87,0.79,5.61
2016-08-05,11.39,0.87,5.46
2016-08-12,11.55,0.80,5.34
2016-08-19,11.34,0.82,5.15
2016-08-26,13.65,0.78,5.04
2016-09-02,11.98,0.80,5.09
2016-09-09,17.50,0.88,5.10
2016-09-16,15.37,0.93,5.27
2016-09-23,12.29,0.85,5.10
2016-09-30,13.29,0.83,4.97
2016-10-07,13.48,0.90,4.76
2016-10-14,16.12,0.96,4.72
2016-10-21,13.34,0.90,4.62
2016-10-28,16.19,1.00,4.76
2016-11-04,22.51,0.99,5.20
2016-11-11,14.17,1.23,4.97
2016-11-18,12.85,1.27,4.84
2016-11-25,12.34,1.24,4.64
2016-12-02,14.12,1.29,4.64
2016-12-09,11.75,1.32,4.28
2016-12-16,12.20,1.32,4.21
2016-12-23,11.44,1.33,4.16
2016-12-30,14.04,1.25,4.21
2017-01-06,11.32,1.20,3.98
2017-01-13,11.23,1.19,4.02
2017-01-20,11.54,1.28,4.02
2017-01-27,10.58,1.27,3.93
2017-02-03,10.97,1.28,3.86
2017-02-10,10.85,1.21,3.90
2017-02-17,11.49,1.21,3.86
2017-02-24,11.47,1.19,3.84
2017-03-03,10.96,1.17,3.60
2017-03-10,11.66,1.22,3.89
2017-03-17,11.28,1.17,3.91
2017-03-24,12.96,1.14,4.07
2017-03-31,12.37,1.13,3.92
2017-04-07,12.87,1.09,3.86
2017-04-14,15.96,1.03,4.03
2017-04-21,14.63,1.04,3.97
2017-04-28,10.82,1.01,3.75
2017-05-05,10.57,1.04,3.82
2017-05-12,10.40,1.04,3.77
2017-05-19,12.04,0.95,3.78
2017-05-26,9.81,0.95,3.67
2017-06-02,9.75,0.87,3.69
2017-06-09,10.70,0.86,3.73
2017-06-16,10.38,0.84,3.76
2017-06-23,10.02,0.81,3.86
2017-06-30,11.18,0.93,3.77
2017-07-07,11.19,0.99,3.83
2017-07-14,9.51,0.98,3.73
2017-07-21,9.36,0.88,3.64
2017-07-28,10.29,0.96,3.59
2017-08-04,10.03,0.91,3.63
2017-08-11,15.51,0.89,4.00
2017-08-18,14.26,0.86,3.98
2017-08-25,11.28,0.82,3.89
2017-09-01,10.13,0.81,3.82
2017-09-08,12.12,0.79,3.92
2017-09-15,10.17,0.81,3.73
2017-09-22,9.59,0.80,3.64
2017-09-29,9.51,0.86,3.54
2017-10-06,9.65,0.83,3.52
2017-10-13,9.61,0.77,3.60
2017-10-20,9.97,0.79,3.42
2017-10-27,9.80,0.83,3.44
2017-11-03,9.14,0.71,3.52
2017-11-10,11.29,0.73,3.76
2017-11-17,11.43,0.62,3.76
2017-11-24,9.67,0.59,3.67
2017-12-01,11.43,0.59,3.63
2017-12-08,9.58,0.58,3.63
2017-12-15,9.42,0.51,3.64
2017-12-22,9.90,0.57,3.56
2017-12-29,11.04,0.51,3.58
2018-01-05,9.22,0.51,3.36
2018-01-12,10.16,0.56,3.37
2018-01-19,11.27,0.58,3.35
2018-01-26,11.08,0.53,3.23
2018-02-02,17.31,0.69,3.36
2018-02-09,29.06,0.78,3.82
2018-02-16,19.46,0.66,3.50
2018-02-23,16.49,0.63,3.58
2018-03-02,19.59,0.61,3.65
2018-03-09,14.64,0.63,3.53
2018-03-16,15.80,0.54,3.60
2018-03-23,24.87,0.54,3.74
2018-03-30,19.97,0.47,3.79
2018-04-06,21.49,0.50,3.64
2018-04-13,17.41,0.45,3.38
2018-04-20,16.88,0.50,3.33
2018-04-27,15.41,0.47,3.44
2018-05-04,14.77,0.44,3.49
2018-05-11,12.65,0.43,3.40
2018-05-18,13.42,0.51,3.41
2018-05-25,13.22,0.45,3.53
2018-06-01,13.46,0.42,3.55
2018-06-08,12.18,0.43,3.45
2018-06-15,11.98,0.38,3.33
2018-06-22,13.77,0.34,3.39
2018-06-29,16.09,0.33,3.61
2018-07-06,13.37,0.29,3.74
2018-07-13,12.18,0.24,3.62
2018-07-20,12.86,0.29,3.55
2018-07-27,13.03,0.29,3.42
2018-08-03,11.64,0.32,3.43
2018-08-10,13.16,0.26,3.50
2018-08-17,12.64,0.26,3.49
2018-08-24,11.99,0.19,3.46
2018-08-31,12.86,0.24,3.49
2018-09-07,14.88,0.23,3.48
2018-09-14,12.07,0.21,3.29
2018-09-21,11.68,0.26,3.25
2018-09-28,12.12,0.24,3.24
2018-10-05,14.82,0.35,3.32
2018-10-12,21.31,0.30,3.54
2018-10-19,19.89,0.28,3.51
2018-10-26,24.16,0.27,3.85
2018-11-02,19.51,0.31,3.72
2018-11-09,17.36,0.25,3.71
2018-11-16,18.14,0.27,4.18
2018-11-23,21.52,0.24,4.29
2018-11-30,18.07,0.21,4.29
2018-12-07,23.23,0.13,4.50
2018-12-14,21.63,0.16,4.46
2018-12-21,30.11,0.16,5.22
2018-12-28,28.34,0.20,5.30
2019-01-04,21.38,0.17,5.05
2019-01-11,18.19,0.16,4.55
2019-01-18,17.80,0.17,4.27
2019-01-25,17.42,0.16,4.34
2019-02-01,16.14,0.18,4.29
2019-02-08,15.72,0.18,4.32
2019-02-15,14.91,0.14,4.12
2019-02-22,13.51,0.17,4.05
2019-03-01,13.57,0.21,3.86
2019-03-08,16.05,0.17,4.18
2019-03-15,12.88,0.16,3.95
2019-03-22,16.48,0.13,4.03
2019-03-29,13.71,0.14,3.99
2019-04-05,12.82,0.15,3.86
2019-04-12,12.01,0.16,3.68
2019-04-19,12.09,0.19,3.73
2019-04-26,12.73,0.23,3.76
2019-05-03,12.87,0.21,3.72
2019-05-10,16.04,0.21,4.01
2019-05-17,15.96,0.19,4.07
2019-05-24,15.85,0.16,4.16
2019-05-31,18.71,0.19,4.59
2019-06-07,16.30,0.24,4.37
2019-06-14,15.28,0.25,4.23
2019-06-21,15.40,0.30,3.95
2019-06-28,15.08,0.25,4.07
2019-07-05,13.28,0.17,3.98
2019-07-12,12.39,0.28,4.02
2019-07-19,14.45,0.25,4.07
2019-07-26,12.16,0.22,3.89
2019-08-02,17.61,0.14,4.19
2019-08-09,17.97,0.11,4.31
2019-08-16,18.47,0.07,4.47
2019-08-23,19.87,0.01,4.25
2019-08-30,18.98,0.00,4.09
2019-09-06,15.00,0.02,4.05
2019-09-13,13.74,0.11,3.83
2019-09-20,15.32,0.05,3.81
2019-09-27,17.22,0.06,3.99
2019-10-04,17.04,0.12,4.38
2019-10-11,15.58,0.13,4.10
2019-10-18,14.25,0.18,4.02
2019-10-25,12.65,0.17,3.89
2019-11-01,12.30,0.17,4.09
2019-11-08,12.07,0.26,4.00
2019-11-15,12.05,0.23,4.06
2019-11-22,12.34,0.16,4.13
2019-11-29,12.62,0.17,4.01
2019-12-06,13.62,0.23,3.89
2019-12-13,12.63,0.21,3.71
2019-12-20,12.51,0.29,3.53
2019-12-27,13.43,0.29,3.56
2020-01-03,14.02,0.27,3.61
2020-01-10,12.56,0.27,3.48
2020-01-17,12.10,0.26,3.39
2020-01-24,14.56,0.21,3.68
2020-01-31,18.84,0.18,4.03
2020-02-07,15.47,0.18,3.75
2020-02-14,13.68,0.17,3.56
2020-02-21,17.08,0.12,3.66
2020-02-28,40.11,0.27,5.04
2020-03-06,41.94,0.25,5.64
2020-03-13,57.83,0.45,7.31
2020-03-20,66.04,0.55,10.09
2020-03-27,65.54,0.47,8.99
2020-04-03,46.80,0.39,9.43
2020-04-10,41.67,0.50,7.96
2020-04-17,38.15,0.45,7.31
2020-04-24,35.93,0.38,8.03
2020-05-01,37.19,0.44,7.70
2020-05-08,27.98,0.53,7.52
2020-05-15,31.89,0.48,7.78
2020-05-22,28.16,0.49,7.06
2020-05-29,27.51,0.49,6.71
2020-06-05,24.52,0.69,5.50
2020-06-12,36.09,0.52,6.28
2020-06-19,35.12,0.51,6.02
2020-06-26,34.73,0.47,6.41
2020-07-03,27.68,0.52,6.17
2020-07-10,27.29,0.49,6.14
2020-07-17,25.68,0.50,5.74
2020-07-24,25.84,0.45,5.29
2020-07-31,24.46,0.44,5.16
2020-08-07,22.21,0.44,5.06
2020-08-14,22.05,0.57,5.26
2020-08-21,22.54,0.48,5.25
2020-08-28,22.96,0.60,5.00
2020-09-04,30.75,0.58,5.13
2020-09-11,26.87,0.54,5.21
2020-09-18,25.83,0.56,5.16
2020-09-25,26.38,0.54,5.64
2020-10-02,27.63,0.57,5.38
2020-10-09,25.00,0.63,4.92
2020-10-16,27.41,0.62,4.94
2020-10-23,27.55,0.67,4.87
2020-10-30,38.02,0.74,5.25
2020-11-06,24.86,0.67,4.67
2020-11-13,23.10,0.72,4.63
2020-11-20,23.70,0.67,4.49
2020-11-27,20.84,0.68,4.35
2020-12-04,20.79,0.81,4.03
2020-12-11,23.31,0.79,4.13
2020-12-18,21.57,0.82,4.03
2020-12-25,21.53,0.81,4.05
2021-01-01,22.75,0.80,3.86
2021-01-08,21.56,0.99,3.76
2021-01-15,24.34,0.98,3.74
2021-01-22,21.91,0.97,3.75
2021-01-29,33.09,1.00,3.79
2021-02-05,20.87,1.10,3.58
2021-02-12,19.97,1.09,3.48
2021-02-19,22.05,1.23,3.41
2021-02-26,27.95,1.30,3.52
2021-03-05,24.66,1.42,3.60
2021-03-12,20.69,1.50,3.55
2021-03-19,20.95,1.58,3.67
2021-03-26,18.86,1.53,3.48
2021-04-02,17.33,1.53,3.33
2021-04-09,16.69,1.51,3.24
2021-04-16,16.25,1.43,3.22
2021-04-23,17.33,1.42,3.29
2021-04-30,18.61,1.49,3.28
2021-05-07,16.69,1.46,3.27
2021-05-14,18.81,1.47,3.35
2021-05-21,20.15,1.46,3.37
2021-05-28,16.76,1.44,3.29
2021-06-04,16.42,1.42,3.28
2021-06-11,15.65,1.31,3.21
2021-06-18,20.70,1.19,3.18
2021-06-25,15.62,1.26,3.04
2021-07-02,15.07,1.20,3.04
2021-07-09,16.18,1.14,3.07
2021-07-16,18.45,1.06,3.18
2021-07-23,17.20,1.08,3.22
2021-07-30,18.24,1.05,3.26
2021-08-06,16.15,1.10,3.32
2021-08-13,15.45,1.06,3.36
2021-08-20,18.56,1.03,3.37
2021-08-27,16.39,1.09,3.17
2021-09-03,16.41,1.12,3.14
2021-09-10,20.95,1.12,3.11
2021-09-17,20.81,1.14,3.04
2021-09-24,17.75,1.18,3.05
2021-10-01,21.15,1.21,3.20
2021-10-08,18.77,1.29,3.20
2021-10-15,16.30,1.18,3.12
2021-10-22,15.43,1.18,3.07
2021-10-29,16.26,1.07,3.08
2021-11-05,16.48,1.06,3.12
2021-11-12,16.29,1.05,3.09
2021-11-19,17.91,1.02,3.24
2021-11-26,28.62,0.98,3.62
2021-12-03,30.67,0.75,3.56
2021-12-10,18.69,0.81,3.29
2021-12-17,21.57,0.75,3.36
2021-12-24,17.96,0.79,3.12
2021-12-31,17.22,0.79,3.10
2022-01-07,18.76,0.89,3.20
2022-01-14,19.19,0.79,3.09
2022-01-21,28.85,0.74,3.29
2022-01-28,27.66,0.63,3.61
2022-02-04,23.22,0.62,3.56
2022-02-11,27.36,0.42,3.66
2022-02-18,27.75,0.45,3.78
2022-02-25,27.59,0.42,3.62
2022-03-04,31.98,0.24,3.90
2022-03-11,30.75,0.25,4.05
2022-03-18,23.87,0.17,3.81
2022-03-25,20.81,0.18,3.51
2022-04-01,19.63,-0.05,3.40
2022-04-08,21.16,0.19,3.57
2022-04-15,22.70,0.36,3.68
2022-04-22,28.21,0.18,3.65
2022-04-29,33.40,0.19,3.93
2022-05-06,30.19,0.40,4.18
2022-05-13,28.87,0.32,4.63
2022-05-20,29.43,0.18,4.91
2022-05-27,25.72,0.27,4.19
2022-06-03,24.79,0.30,4.21
2022-06-10,27.75,0.09,4.51
2022-06-17,31.13,0.08,5.15
2022-06-24,27.23,0.09,5.18
2022-07-01,26.70,0.04,5.92
2022-07-08,24.64,-0.03,5.36
2022-07-15,24.23,-0.20,5.39
2022-07-22,23.03,-0.21,4.96
2022-07-29,21.33,-0.22,4.77
2022-08-05,21.15,-0.41,4.44
2022-08-12,19.53,-0.41,4.25
2022-08-19,20.60,-0.27,4.45
2022-08-26,25.56,-0.33,4.65
2022-09-02,25.47,-0.20,5.06
2022-09-09,22.79,-0.23,4.57
2022-09-16,26.30,-0.40,5.00
2022-09-23,29.92,-0.51,5.12
2022-09-30,31.62,-0.39,5.43
2022-10-07,31.36,-0.41,5.02
2022-10-14,32.02,-0.48,5.15
2022-10-21,29.69,-0.28,4.99
2022-10-28,25.75,-0.39,4.54
2022-11-04,24.55,-0.49,4.77
2022-11-11,22.52,-0.52,4.81
2022-11-18,23.12,-0.69,4.65
2022-11-25,20.50,-0.74,4.52
2022-12-02,19.06,-0.77,4.50
2022-12-09,22.83,-0.76,4.46
2022-12-16,22.62,-0.69,4.67
2022-12-23,20.87,-0.56,4.59
2022-12-30,21.67,-0.53,4.79
2023-01-06,21.13,-0.69,4.47
2023-01-13,18.35,-0.73,4.21
2023-01-20,19.85,-0.66,4.35
2023-01-27,18.51,-0.67,4.23
2023-02-03,18.33,-0.77,3.95
2023-02-10,20.53,-0.76,4.24
2023-02-17,20.02,-0.78,4.38
2023-02-24,21.67,-0.83,4.28
2023-03-03,18.49,-0.89,4.05
2023-03-10,24.80,-0.90,4.61
2023-03-17,25.51,-0.42,5.17
2023-03-24,21.74,-0.38,5.22
2023-03-31,18.70,-0.58,4.58
2023-04-07,18.40,-0.58,4.84
2023-04-14,17.07,-0.56,4.43
2023-04-21,16.77,-0.60,4.46
2023-04-28,15.78,-0.60,4.50
2023-05-05,17.19,-0.48,4.77
2023-05-12,17.03,-0.52,4.76
2023-05-19,16.81,-0.58,4.62
2023-05-26,17.95,-0.74,4.53
2023-06-02,14.60,-0.81,4.37
2023-06-09,13.83,-0.84,4.29
2023-06-16,13.54,-0.93,4.15
2023-06-23,13.44,-0.97,4.40
2023-06-30,13.59,-1.06,4.05
2023-07-07,14.83,-0.88,4.08
2023-07-14,13.34,-0.91,3.90
2023-07-21,13.60,-0.98,3.89
2023-07-28,13.33,-0.91,3.82
2023-08-04,17.10,-0.73,4.01
2023-08-11,14.84,-0.73,3.83
2023-08-18,17.30,-0.66,4.02
2023-08-25,15.68,-0.78,3.90
2023-09-01,13.09,-0.69,3.81
2023-09-08,13.84,-0.72,3.85
2023-09-15,13.79,-0.69,3.79
2023-09-22,17.20,-0.66,3.93
2023-09-29,17.52,-0.44,4.03
2023-10-06,17.45,-0.30,4.33
2023-10-13,19.32,-0.41,4.30
2023-10-20,21.71,-0.14,4.52
2023-10-27,21.27,-0.15,4.53
2023-11-03,14.91,-0.26,4.04
2023-11-10,14.17,-0.43,4.03
2023-11-17,13.80,-0.44,3.99
2023-11-24,12.46,-0.45,3.85
2023-12-01,12.63,-0.34,3.87
2023-12-08,12.35,-0.48,3.75
2023-12-15,12.28,-0.53,3.51
2023-12-22,13.03,-0.41,3.39
2023-12-29,12.45,-0.35,3.34
2024-01-05,13.35,-0.35,3.68
2024-01-12,12.70,-0.18,3.56
2024-01-19,13.30,-0.24,3.54
2024-01-26,13.26,-0.19,3.39
2024-02-02,13.85,-0.33,3.47
2024-02-09,12.93,-0.31,3.33
2024-02-16,14.24,-0.34,3.34
2024-02-23,13.75,-0.41,3.23
2024-03-01,13.11,-0.35,3.32
2024-03-08,14.74,-0.39,3.26
2024-03-15,14.41,-0.41,3.16
2024-03-22,13.06,-0.37,3.08
2024-03-29,13.01,-0.39,3.12
2024-04-05,16.03,-0.34,3.18
2024-04-12,17.31,-0.38,3.25
2024-04-19,18.71,-0.35,3.37
2024-04-26,15.03,-0.29,3.16
2024-05-03,13.49,-0.31,3.08
2024-05-10,12.55,-0.37,3.12
2024-05-17,11.99,-0.41,3.09
2024-05-24,11.93,-0.47,3.11
2024-05-31,12.92,-0.38,3.20
2024-06-07,12.22,-0.44,3.15
2024-06-14,12.66,-0.47,3.29
2024-06-21,13.20,-0.45,3.21
2024-06-28,12.44,-0.35,3.18
2024-07-05,12.48,-0.32,3.27
2024-07-12,12.46,-0.27,3.19
2024-07-19,16.52,-0.24,3.09
2024-07-26,16.39,-0.16,3.10
2024-08-02,23.39,-0.08,3.72
2024-08-09,20.37,-0.11,3.49
2024-08-16,14.80,-0.17,3.29
2024-08-23,15.86,-0.09,3.19
2024-08-30,15.00,0.00,3.13
2024-09-06,22.38,0.06,3.39
2024-09-13,16.56,0.09,3.37
2024-09-20,16.15,0.18,3.15
2024-09-27,16.96,0.20,3.14
2024-10-04,19.21,0.05,2.89
2024-10-11,20.46,0.13,2.98
2024-10-18,18.03,0.13,2.88
2024-10-25,20.33,0.14,2.89
2024-11-01,21.88,0.16,2.83
2024-11-08,14.94,0.04,2.63
2024-11-15,16.14,0.12,2.72
2024-11-22,15.24,0.04,2.61
2024-11-29,13.51,0.05,2.72
2024-12-06,12.77,0.05,2.67
2024-12-13,13.81,0.15,2.68
2024-12-20,18.36,0.22,2.86
2024-12-27,15.95,0.31,2.84
2025-01-03,16.13,0.32,2.81
2025-01-10,19.54,0.37,2.81
2025-01-17,15.97,0.34,2.64
2025-01-24,14.85,0.36,2.60
2025-01-31,16.43,0.36,2.68
2025-02-07,16.54,0.20,2.67
2025-02-14,14.77,0.21,2.62
2025-02-21,18.21,0.23,2.78
2025-02-28,19.63,0.25,2.87
2025-03-07,23.37,0.33,2.97
2025-03-14,21.77,0.29,3.25
2025-03-21,19.28,0.31,3.21
2025-03-28,21.65,0.38,3.47
2025-04-04,45.31,0.33,4.45
2025-04-11,37.56,0.52,4.26
2025-04-18,29.65,0.53,4.02
2025-04-25,24.84,0.55,3.67
2025-05-02,22.68,0.50,3.60
2025-05-09,21.90,0.49,3.53
2025-05-16,17.24,0.45,3.16
2025-05-23,22.29,0.51,3.40
2025-05-30,18.57,0.52,3.31
2025-06-06,16.77,0.47,3.09
2025-06-13,20.82,0.45,3.18
2025-06-20,20.62,0.48,3.13
2025-06-27,16.32,0.56,3.02
2025-07-04,17.48,0.47,2.80
2025-07-11,16.40,0.53,2.97
2025-07-18,16.41,0.56,2.93
2025-07-25,14.93,0.49,2.84
2025-08-01,20.38,0.54,3.13
2025-08-08,15.15,0.51,2.94
2025-08-15,15.09,0.58,2.88
2025-08-22,14.22,0.58,2.88
2025-08-29,15.36,0.64,2.82
2025-09-05,15.18,0.59,2.83
2025-09-12,14.76,0.50,2.79
2025-09-19,15.45,0.57,2.72
2025-09-26,15.29,0.57,2.75
2025-10-03,16.65,0.55,2.80
2025-10-10,21.66,0.53,3.18
2025-10-17,20.78,0.56,3.04
2025-10-24,16.37,0.54,2.88
2025-10-31,17.44,0.51,2.94
2025-11-07,19.08,0.56,3.15
2025-11-14,19.83,0.52,3.07
2025-11-21,23.43,0.55,3.19
2025-11-28,16.35,0.55,2.95
2025-12-05,15.41,0.58,2.85
2025-12-12,15.74,0.67,2.91
2025-12-19,14.91,0.68,2.90
2025-12-26,13.60,0.68,2.86
2026-01-02,14.51,0.72,2.83
2026-01-09,14.49,0.64,2.74
2026-01-16,15.86,0.65,2.65
2026-01-23,16.09,0.64,2.68
2026-01-30,17.44,0.74,2.80
2026-02-06,17.76,0.72,2.87
2026-02-13,20.60,0.64,2.95
2026-02-20,19.09,0.60,2.86
2026-02-27,19.86,0.59,3.10
2026-03-06,29.49,0.59,3.13
2026-03-13,27.19,0.55,3.28
2026-03-20,26.78,0.51,3.24
2026-03-27,31.05,0.56,3.42
2026-04-03,23.87,0.51,3.13
