date,portfolio,market,ew
2006-12-01,-0.0008387146797758641,-0.0009265467854672194,0.0007785334022545332
2006-12-08,0.0010349300341900508,0.008558588576135895,-0.0031526058367555843
2006-12-15,0.004717559698658779,0.012112886697442038,-0.0008213206550582997
2006-12-22,-0.0079104383108192,-0.011170079640386188,-0.004420739771664239
2006-12-29,0.01086809381629834,0.0061808527152409365,0.010622931393424961
2007-01-05,-0.0170748251235944,-0.007626129202181309,-0.017751146778101634
2007-01-12,0.023534147564909944,0.019211873652213107,0.019975327648785984
2007-01-19,-0.0015528846002407116,-0.00293217930048284,-0.001038450146269243
2007-01-26,0.0011720260307605643,-0.004831143857797038,0.004369424139399031
2007-02-02,0.016787828028953355,0.01885608139113404,0.012561388918480243
2007-02-09,0.001931681594803647,-0.006008388134521425,0.006029153538820831
2007-02-16,0.010415698731582967,0.012436087331401113,0.0074132827874497376
2007-02-23,0.0036220543518581897,-0.002951069617137647,0.007037891308514704
2007-03-02,-0.050818791090448776,-0.04562961589494097,-0.040517449256630866
2007-03-09,0.014161669609293137,0.01521593984181302,0.009905181483313569
2007-03-16,-0.00844569314222835,-0.012079207721825691,-0.003960284952869153
2007-03-23,0.030508805904263858,0.035082343000649274,0.020929242684000038
2007-03-30,-0.005966708300892421,-0.009693946155040378,-0.002340793394622065
2007-04-05,0.01553033527485741,0.015775146894778658,0.011427216008731866
2007-04-13,0.004401385700951478,0.007487478916134327,0.007990269298562447
2007-04-20,0.008652868370309874,0.0227083751448105,0.012421118795588049
2007-04-27,-0.000356121516526441,0.006122927897585617,-0.0017618018570810523
2007-05-04,0.008452930555183025,0.009296254426830464,0.005707266637872244
2007-05-11,-0.009011768824267234,-0.00039812982393805374,-0.007865541003601345
2007-05-18,-0.0011369436059350084,0.011666387203857598,-0.002715044852763082
2007-05-25,-0.0050359939365523295,-0.006092904869097193,-0.0010992946578632368
2007-06-01,0.018879198128899287,0.015755186443017655,0.016064179344830898
2007-06-08,-0.022783175786381595,-0.019729521656448035,-0.0187462229797222
2007-06-15,0.016216657799919154,0.017807824914968462,0.011589970644610426
2007-06-22,-0.007831163051487264,-0.016463003239486573,-0.007938865189303201
2007-06-29,-0.0020056309359822552,-0.0007967982987074906,-0.0012827019290417019
2007-07-06,0.011138704407726546,0.01695077453867455,0.012344596057826701
2007-07-13,0.009839303668174603,0.012224105999957047,0.00797026046848226
2007-07-20,0.002892141071345794,-0.00871798928100842,-0.00032495295553872094
2007-07-27,-0.03559283685338582,-0.0546580552379794,-0.04044952280079364
2007-08-03,0.0016383639348487916,-0.009027696025152632,-0.0009428205534071921
2007-08-10,0.0051782508340219476,0.006328319776957025,0.010030191230034069
2007-08-17,-0.006840263933763546,0.0,-0.0031207736250065676
2007-08-24,0.008652283953856178,0.025015688311369688,0.014064905579941833
2007-08-31,0.0037755013311501773,-0.004989189979243469,-0.0015939684795570064
2007-09-07,0.018616327035787538,-0.01029858429105579,0.006198885945939231
2007-09-14,0.0044726251840284895,0.019374186364029766,0.0077012709943896085
2007-09-21,0.01622278829136188,0.025459608663154,0.024070204351450575
2007-09-28,0.00791952373331437,0.004014001050523186,0.0033317896535646485
2007-10-05,0.0015879358006436028,0.021431479149786048,0.01778038237547533
2007-10-12,0.005865966534232392,0.0030797062122318586,0.0034382612145778813
2007-10-19,0.005466410135923139,-0.042602477210314516,-0.019150825730788967
2007-10-26,0.013522962568775054,0.02639160156775322,0.022584224832938704
2007-11-02,0.010819298482574503,-0.015753158497270547,-0.003923800810946787
2007-11-09,-0.00825274554279206,-0.04007940028687962,-0.010071388009577853
2007-11-16,-0.014568455601106079,0.0044788427885000814,-0.013414095202063908
2007-11-23,0.009157412225515194,-0.011386464371605065,0.005626861975134068
2007-11-30,-0.0010885147348062112,0.03142993237043301,0.0013644532827122025
2007-12-07,0.0071070542265340274,0.015135201135463738,0.013759581286901912
2007-12-14,-0.004650064121081143,-0.02478290501740288,-0.01844861342605128
2007-12-21,0.011250338098963253,0.011864852949339033,0.02100423000974122
2007-12-28,0.014712133065727507,-0.005603143767044183,0.0023772631317520165
2008-01-04,0.00942788424745581,-0.040665521257088666,-0.01673226905679287
2008-01-11,0.016963738823511963,-0.008208493465868605,0.002381422440825093
2008-01-18,-0.008717455239445206,-0.0577242339403965,-0.027239048997677318
2008-01-25,0.015541924003314956,0.00742107132828318,0.015551311652776123
2008-02-01,0.0015536486089704265,0.049157922691537737,0.02519857263734923
2008-02-08,0.004340712195475316,-0.04663956088418053,-0.016356777013587093
2008-02-15,-0.006935043717670297,0.015555560372785715,-0.0006552520472156986
2008-02-22,0.019259794554598024,0.0035518116081243445,0.011108116373677507
2008-02-29,0.014091233997051124,-0.013272212425353258,0.0038682106106711633
2008-03-07,-0.0025946544941192087,-0.03071273550379805,-0.018015262838709356
2008-03-14,0.011720136014898975,-0.0007712014928841215,0.007751357509051676
2008-03-20,-0.03396088427761134,0.024102099067769167,-0.011552579884558156
2008-03-28,0.008451241906028006,-0.004315337320403567,0.007501049672286181
2008-04-04,-0.004576088724833638,0.040909319831436086,0.015895500268074264
2008-04-11,0.0030444431846668673,-0.025641121225323027,-0.011526300181576049
2008-04-18,-0.002372399751978371,0.03823655909864576,0.016744763718823247
2008-04-25,-0.015596519732021996,0.008088468541116223,-0.007226551619490984
2008-05-02,-0.011133054071002301,0.013681322183591194,-0.0021113267552258785
2008-05-09,0.013636410690078028,-0.018443841143294226,0.0011901136866119821
2008-05-16,0.008772959277615334,0.02707002713133666,0.019327703806879898
2008-05-23,-0.00804644768258954,-0.0351889464316153,-0.008552210560660412
2008-05-30,-0.002583732696704172,0.019689786228486827,0.002629015106306143
2008-06-06,-0.00484121507668675,-0.028928321082667963,-0.004375581572433812
2008-06-13,-0.014402458112919602,-0.0010270807023184947,-0.01370377931515021
2008-06-20,0.0006783627256320701,-0.02873176252080667,0.00019959261965096786
2008-06-27,-0.004974397744930069,-0.030779811885562003,-0.009183160928780243
2008-07-03,-0.005104955374780385,-0.009566646681891555,-0.01082020581563578
2008-07-11,0.004158728294122905,-0.01955502738157655,0.006098970138399107
2008-07-18,0.005199602063641395,0.01728066757933866,0.007581717238064722
2008-07-25,-0.006525333958501461,-0.0039689930187435385,-0.0008918626337891533
2008-08-01,-0.0030822708940954615,0.00541896215240989,-0.0009187804027373792
2008-08-08,-0.005703830783672273,0.0254441223746118,-0.0017870707142879916
2008-08-15,-0.01892795770912856,0.006183591943766276,-0.011457478401886628
2008-08-22,0.010103656855548688,-0.003994666085458509,0.005444758512719944
2008-08-29,0.0007492848760323576,-0.006633103934783002,0.001410945438387351
2008-09-05,-0.02445059857006126,-0.03393162160093255,-0.02391511015036643
2008-09-12,-0.007208663479372357,0.013422559735551953,-0.005102268641646701
2008-09-19,0.042049393876240175,-0.009925741506885744,0.04184855664953016
2008-09-26,-0.012095018779450383,-0.026345259656437747,-0.018285200050260936
2008-10-03,-0.053225229711887895,-0.08696747597643895,-0.059032474337626456
2008-10-10,-0.0833065171676717,-0.19793422901801816,-0.08841604090381314
2008-10-17,-0.003693386558574662,0.05322054717583358,-0.006119499928375044
2008-10-24,-0.0514867079553563,-0.06619451016800426,-0.05608335225259567
2008-10-31,0.0498507599177829,0.11247755658025449,0.06012976634427694
2008-11-07,0.0036730834610974603,-0.030672163850188783,-0.017693061175167474
2008-11-14,-0.0019909762335691313,-0.07713637177556121,-0.040466075017224656
2008-11-21,0.024344651205484402,-0.08196731363452836,-0.027823423384943174
2008-11-28,0.021703121411895943,0.1329222440857014,0.07957719408469782
2008-12-05,-0.030531748253555525,-0.02397567444608628,-0.030214135933461395
2008-12-12,0.03656368854713197,0.0120547540822038,0.029197334221646554
2008-12-19,0.008207503996349353,-0.0009450174968881342,0.014691075648492757
2008-12-26,0.013091164112416965,-0.01167903650477431,0.0019624311544398643
2009-01-02,0.008272257411893746,0.06654421765043339,0.03185084098390595
2009-01-09,-0.01351317535325668,-0.04163048720035334,-0.026826307358529283
2009-01-16,-0.009817104778799601,-0.04523563747036574,-0.02324708663806907
2009-01-23,0.02543965312774509,-0.022925155020317,0.00041161416397705874
2009-01-30,0.011276633567230089,-0.0033683174053870113,0.007041635735065416
2009-02-06,-0.003605628628402935,0.05010234324530094,0.021214741710726487
2009-02-13,0.008840161159553817,-0.04851704900821807,-0.015822695911366425
2009-02-20,0.016952264506352725,-0.06452393660404643,-0.021348387273288444
2009-02-27,-0.02648524774156388,-0.04507873310142896,-0.03699421849259163
2009-03-06,-0.00783339774859142,-0.06776692917297122,-0.0428771248180162
2009-03-13,0.006171852794869182,0.10403430259207114,0.052973007459429344
2009-03-20,0.012700902404010918,0.015363107044245705,0.01455068697489742
2009-03-27,-0.006304086285112443,0.06387770326597342,0.027145156670230403
2009-04-03,-0.011314688058168,0.03247163247607454,0.01509894964789299
2009-04-09,-0.004065730998363004,0.01839498751926394,0.006449147347555084
2009-04-17,-0.003213625937771059,0.014800096065091362,0.0066716666250599965
2009-04-24,0.005617468908311631,-0.004823132383362627,0.011403920577007898
2009-05-01,0.00683098527407976,0.01419360020961058,0.0023292575718795727
2009-05-08,0.05134155342129806,0.057912720772094195,0.034255395200467
2009-05-15,-0.03591762372600678,-0.0459236170899221,-0.022479834777697327
2009-05-22,0.008046024470541879,0.00349500877342912,0.008101050024833384
2009-05-29,0.03745374501768426,0.03942908993841887,0.027691235192639746
2009-06-05,0.018072422197156858,0.021830562877586557,0.012358062482427962
2009-06-12,-0.0008274697927730889,0.0056054573150423614,-0.004500498579986911
2009-06-19,-0.021991777589765074,-0.02650498530484746,-0.013870925205495321
2009-06-26,-0.0007978156024915861,-0.002173331344284213,0.0010264738331968448
2009-07-02,-0.019973694584338703,-0.02210264922016314,-0.01344698998025845
2009-07-10,-0.022489656551960713,-0.02059948847931592,-0.018224361677733752
2009-07-17,0.06269161568355036,0.07014563280176778,0.04322003664622778
2009-07-24,0.03876841056849924,0.04175094837784554,0.028330415822078847
2009-07-31,0.00692263061099938,0.007648077108921125,0.0051880714372787295
2009-08-07,0.020682009895226474,0.02418780654341446,0.012885592249302358
2009-08-14,-0.004357070033587095,-0.00405165253926798,-0.0046385504635091945
2009-08-21,0.012631817540631467,0.02162947583528574,0.014746262497985246
2009-08-28,0.0026141186871171725,0.003982106529152318,0.0018404334750869167
2009-09-04,0.005797657275283414,-0.01276865991592524,0.0025410523413028907
2009-09-11,0.017412038121613772,0.026552691692905528,0.020347352291036847
2009-09-18,0.011830580503205778,0.023464459604061405,0.015825580643543335
2009-09-25,-0.01526692521658796,-0.021271191846101156,-0.016991887593187344
2009-10-02,-0.004840824597594918,-0.01876500436758355,-0.008258518143635096
2009-10-09,0.035401594741341635,0.04654129343619462,0.037320265262347996
2009-10-16,0.006853223792992768,0.015196688154209603,0.005803229649600283
2009-10-23,-0.004715674417287919,-0.007438283094230891,-0.008061782035329312
2009-10-30,-0.022944559001792042,-0.04182106116421758,-0.02761429538800733
2009-11-06,0.029896978784226435,0.03447266832424378,0.02872018786092828
2009-11-13,0.015943303787575705,0.023242973338312378,0.014222596402356513
2009-11-20,0.008259724547449226,-0.0017335610956609182,0.0066174782657246745
2009-11-27,0.0048304585730810645,0.001279500146189605,0.0011782702242802146
2009-12-04,0.005223611640598902,0.01314232533839621,0.011877026460198503
2009-12-11,-0.01154214738669179,0.0009007622957204475,-0.010305613667980745
2009-12-18,-0.0001531409995441822,-0.0027596426027555188,0.002809914304176403
2009-12-24,0.008580815702406142,0.020596755316441673,0.012767481624230359
2009-12-31,-0.008180844183301733,-0.0092457041108166,-0.00894990573120083
2010-01-08,0.025355487476643977,0.028086447174551887,0.025652010104162848
2010-01-15,-0.004946204861075337,-0.008117185078940214,-0.005858433693726961
2010-01-22,-0.026212236790499065,-0.03898299777125369,-0.025242929055305424
2010-01-29,-0.01175446563552162,-0.016664777532512054,-0.013459957662093375
2010-02-05,-0.0069098974130432644,-0.006797926449654046,-0.007722200373133731
2010-02-12,0.013856092606991038,0.012937974108373274,0.015863853192977867
2010-02-19,0.01977750991663889,0.028693438463487153,0.020787838216029864
2010-02-26,-0.0010624146939908151,-0.0035990136566735886,-0.0013027080668798763
2010-03-05,0.020585766703179492,0.03169599716401472,0.025909838503241495
2010-03-12,-0.0026545323524927943,0.010590864138010359,5.360682681093687e-05
2010-03-19,0.003332992097535542,0.008553142169206662,0.0016381627579075964
2010-03-26,0.0045574621547774035,0.005259989909085716,0.003990568723298532
2010-04-01,0.011249495685270595,0.010464934368991097,0.008896767198756539
2010-04-09,0.019776503671629163,0.014855456509025977,0.017906512062807578
2010-04-16,-0.0026729531835667127,-0.0015888436250840465,-0.0007400722146322647
2010-04-23,0.02245228831868877,0.020525934642888988,0.018405256307921752
2010-04-30,-0.017192332473202693,-0.024628374350889937,-0.00894718911504247
2010-05-07,-0.049428866705706634,-0.06354724669025602,-0.03084457522611525
2010-05-14,0.02855502294238258,0.023638248968429476,0.026652407583896198
2010-05-21,-0.022352527346960124,-0.041969651928581375,-0.037146670930872844
2010-05-28,0.013003929058945275,0.002382583759452883,0.013100341196778664
2010-06-04,-0.000626022352248723,-0.023315176507704538,-0.014996513693897984
2010-06-11,0.0051314466196507365,0.026773512024950152,0.013692343301515003
2010-06-18,0.012110756849789463,0.02353759855091697,0.019098225651576595
2010-06-25,-0.002728924710712355,-0.03454730743213963,-0.01642376965843842
2010-07-02,-0.01891397440289281,-0.05256343397482899,-0.03955337084943175
2010-07-09,0.005018563674878607,0.05635996963227874,0.026765566472970098
2010-07-16,-0.016539373938380408,-0.01204169493861107,-0.013591253699045597
2010-07-23,0.03146259712933966,0.03515873033169936,0.023463988527943624
2010-07-30,-0.0017654835742452412,-0.0012679894632019462,-0.001128083517250883
2010-08-06,0.01684303342711582,0.019225557257582127,0.01062511813827216
2010-08-13,-0.03144102980168893,-0.036302200751959446,-0.022845689106201827
2010-08-20,-0.0024127138314809222,-0.007201445159980113,0.0013246388808408616
2010-08-27,-0.0010896276659978109,-0.006230600453558943,0.00244603289880857
2010-09-03,0.0324388251992008,0.03771275385330419,0.02211131399877525
2010-09-10,0.0018224707348501346,0.005320329905296184,-0.001515406873462799
2010-09-17,0.01752472023589291,0.014462138210828979,0.0157974288040601
2010-09-24,0.021397710313887153,0.02071293505470284,0.017141492184120588
2010-10-01,0.004263902768724093,-0.001828912098048141,0.007303619454221699
2010-10-08,0.018351069313672242,0.01683955877973653,0.015159788129754714
2010-10-15,0.011725083638467727,0.009953645576929349,0.009820643156143782
2010-10-22,-0.0022560009955979736,0.005522451009247531,-0.0057219259139745515
2010-10-29,0.005181833116033041,0.0011831627505813902,0.005882639800593836
2010-11-05,0.02513887829526696,0.035699401999488733,0.028255335792671893
2010-11-12,-0.016144641673943565,-0.020534861391712456,-0.016643016497240454
2010-11-19,-0.002498306139417827,0.0007488682087295473,-0.0011411942234691719
2010-11-26,-0.0010887725868826857,-0.012386692456013981,0.0013998307099852003
2010-12-03,0.0341493866871589,0.03442731168122615,0.026388616567411816
2010-12-10,0.008680159144440935,0.012938581637284674,0.004488132719031174
2010-12-17,0.0012072393415435757,0.0038053029378573022,-0.00020554563354954758
2010-12-23,0.009514641541447589,0.01045860293223222,0.006469451831140033
2010-12-31,0.005891712806914812,0.001194387834235311,0.006932136784690596
2011-01-07,0.00031102334888128986,0.0110536556589238,-0.005545594862198133
2011-01-14,0.013569193785447641,0.01698885788788851,0.009072609943268528
2011-01-21,-0.013416144518814576,-0.007192203104870454,-0.015472927056832037
2011-01-28,-0.0040085678401646846,-0.005063504138373642,-0.001597407567453163
2011-02-04,0.024341385826641127,0.026855357686337955,0.016408620902155086
2011-02-11,0.014848566672064523,0.014945154054819332,0.011487218665591714
2011-02-18,0.013943873119582173,0.01066755238006567,0.01288271761736609
2011-02-25,-0.00982532576278456,-0.016352968829235315,-0.00357242192664306
2011-03-04,0.004030135017878112,0.0010577701823686336,0.004822284892077311
2011-03-11,-0.01373190280255699,-0.012304562320002987,-0.011748533237024877
2011-03-18,-0.013673840960547867,-0.019298421675390198,-0.006559938119425235
2011-03-25,0.024831076290045488,0.027708456001118487,0.017104486978223477
2011-04-01,0.013304501786000756,0.014089536691586968,0.010459991010154601
2011-04-08,0.003998884644030438,-0.0021779208154920626,0.0056901271819332355
2011-04-15,-0.0029159927352688576,-0.006171728759290285,0.00022347478344458827
2011-04-21,0.012584075945247086,0.013177600454626015,0.009051145349195433
2011-04-29,0.023995018565707293,0.019809002297536793,0.020763286636083955
2011-05-06,-0.02532194954911316,-0.01634572843901072,-0.024459363315910337
2011-05-13,0.00011178628652840908,-0.001191956574638886,0.0011091599032747868
2011-05-20,-0.0006984289293762212,-0.003208120771591161,0.0005934245811303474
2011-05-27,0.003940428014334146,-0.0007484394036060271,0.006328365617474102
2011-06-03,-0.019316078640497288,-0.023144121901374604,-0.013089813132824896
2011-06-10,-0.020700874997855112,-0.021622944681931267,-0.015760699386014765
2011-06-17,0.0017875061394166947,0.0006262976010755761,0.0022145704430429625
2011-06-24,-0.0028576827775744834,-0.0018889465976040798,-0.0008770252356444519
2011-07-01,0.04241260335222523,0.05606799951057928,0.023926574164397973
2011-07-08,0.011983003518812851,0.0035844600940784233,0.014430351356781002
2011-07-15,-0.010605687260551534,-0.020164321758076142,-0.003439989977489455
2011-07-22,0.017696402019033643,0.021945744457058325,0.010534047723922246
2011-07-29,-0.030268591539629658,-0.03901027253748879,-0.01880090067720283
2011-08-05,-0.05793802478294737,-0.07152235842194199,-0.038395131825943674
2011-08-12,0.01830073351756757,-0.016322396288177443,0.003729456662400432
2011-08-19,0.018729013084598622,-0.04639329009797577,-0.013133945309166395
2011-08-26,-0.0007214156755146689,0.04731851736655068,0.023081493309061285
2011-09-02,0.012808724611230183,-0.001016832453105465,0.005475417457284082
2011-09-09,-0.006887082704669778,-0.01637709807477017,-0.01091784036346391
2011-09-16,-0.005082416939593992,0.053732670785240355,0.021801979759152684
2011-09-23,-0.043860308827478336,-0.06566807810365927,-0.06109238190187116
2011-09-30,-0.004876370649021634,-0.0034350063496432215,-0.006893418359459336
2011-10-07,0.004617544432734733,0.022624507706946018,0.011853585490127633
2011-10-14,0.016711202599020748,0.05928647488265537,0.0430651546426134
2011-10-21,-0.008237946786722829,0.011422325852052495,-0.0030569515139023395
2011-10-28,0.02894279231118594,0.037347697877369246,0.042328622710907676
2011-11-04,0.0011729924455990085,-0.024261166367265385,-0.008605222545917168
2011-11-11,0.007985337404636096,0.009403550722559162,0.006046350959189373
2011-11-18,-0.01833276377968739,-0.03694938899015687,-0.02644523031153856
2011-11-25,-0.014516941036470776,-0.046237006364686084,-0.0363809481194978
2011-12-02,0.06955071148720345,0.07323369724077655,0.05396374258141451
2011-12-09,0.00428967930894807,0.009530770142878398,0.0010336160616535028
2011-12-16,-0.03703595971445647,-0.029265141841004483,-0.03171552542341105
2011-12-23,0.03256008819298626,0.03947688314575726,0.020641637101127513
2011-12-30,-0.012383587246876087,-0.007041533672103362,-0.011207269447860796
2012-01-06,0.01773849425200611,0.017609494085669253,0.016378900478579594
2012-01-13,0.009374713687408697,0.008847957765653947,0.011043637397861072
2012-01-20,0.016117471480535155,0.02413863071147926,0.01647375451268382
2012-01-27,0.009992482180446988,-0.000984903612991972,0.015360043693986386
2012-02-03,0.01791521886428744,0.020633743200477284,0.013174985534182754
2012-02-10,-0.004504171118881367,-0.001337964348913312,-0.006320958344121552
2012-02-17,0.012974404685641894,0.015257905024955054,0.008597139590780845
2012-02-24,0.008038054757475988,0.0038118829619071537,0.007760514765521476
2012-03-02,-0.009373923876880975,0.002775218529593504,-0.014952666551981908
2012-03-09,0.0038023942203329387,0.0018937701112256011,0.004591071356522591
2012-03-16,0.012270821315493086,0.024313454934076884,0.00255659152089463
2012-03-23,-0.00284647972280494,-0.004632981828760152,-0.0010316957501301793
2012-03-30,0.006365483757142788,0.008306507174804745,0.003530921038062851
2012-04-05,-0.011636575367106293,-0.007243751561322065,-0.011369753237589042
2012-04-13,-0.012864113396881715,-0.018957000795635226,-0.006653317205038645
2012-04-20,0.0034738722258009338,0.005906447307493901,0.0016351665380203717
2012-04-27,0.01786179155435247,0.017687829177842396,0.014068692358858048
2012-05-04,-0.024053417092615832,-0.02414742010986526,-0.0188377905479567
2012-05-11,-0.014367075236199935,-0.010145682285374935,-0.012402033089284947
2012-05-18,-0.0348502550116578,-0.04328595017026404,-0.022726924792071446
2012-05-25,0.013219345965654227,0.01819007830174213,0.00797097274374356
2012-06-01,-0.01849785560718558,-0.029825802677561075,-0.008434008131870091
2012-06-08,0.027937772067688348,0.038545404905006686,0.015818694945830686
2012-06-15,0.007884222036083511,0.013035808266341542,0.009066238607490479
2012-06-22,-0.013922164373364932,-0.005069416528537096,-0.008748152629468847
2012-06-29,0.008601658180477856,0.019781326976905156,0.017045629631596643
2012-07-06,-0.003871421165044642,-0.004482234801583385,-0.00026098403123756
2012-07-13,-0.001008792866571,0.0019191011609360764,-0.0010323832933591681
2012-07-20,0.001258135093414203,0.005303814777282145,-0.0018616960790353299
2012-07-27,0.016304092268087322,0.01619404531576718,0.011402269836764567
2012-08-03,-0.0007288663349536259,0.004831051370006945,-0.00411118582496478
2012-08-10,0.01154589675921388,0.010692981596861051,0.009340944047070393
2012-08-17,0.008958389102749908,0.009513985792632296,0.007127738470374789
2012-08-24,0.0018562414356870127,-0.004712263813623552,0.004406649100125892
2012-08-31,0.0018765961887085348,-0.00247334856539827,0.004208999945375824
2012-09-07,0.010970332915905703,0.02245643210107473,0.02163825070940173
2012-09-14,0.009877183475706442,0.020162194809212552,0.016317772425057137
2012-09-21,-2.903352739710432e-05,-0.004015682404745147,-0.0033751105858247643
2012-09-28,-0.0011100534764262873,-0.013025456227052312,-0.008252882992931088
2012-10-05,0.01045112858446944,0.0150727263318724,0.006665694595433036
2012-10-12,-0.02100611648308691,-0.02223906402818676,-0.015182565108935703
2012-10-19,-0.0018162677879705043,0.003499146166727307,-0.004606687982707414
2012-10-26,-0.01179418895311829,-0.014226675710160563,-0.0073119002260045585
2012-11-02,-0.002955638902131064,0.0014856786747632356,-0.004432544110457376
2012-11-09,-0.012535108129941458,-0.024018097014378403,-0.0034335301772101257
2012-11-16,-0.014323642340052517,-0.012955991914017861,-0.012023892709740192
2012-11-23,0.03402260588669274,0.03651830323867267,0.024280277800917238
2012-11-30,-0.0029558606430757687,0.005659929851336676,0.001228716881178371
2012-12-07,-0.0007570913443677775,0.0018289106372821884,-0.0004891841435905042
2012-12-14,-0.0023842879176691366,-0.0021769977949483987,-0.0015262179501930317
2012-12-21,0.0002075114067954303,0.011982836684597542,0.004827794167337834
2012-12-28,-0.00825216253042813,-0.019329469698701862,-0.009342226276916249
2013-01-04,0.0213372716397018,0.04527634234692601,0.025401280104250606
2013-01-11,0.003006760109874984,0.004781949417552722,0.0025072526390919614
2013-01-18,0.008188129381279262,0.008567378156325134,0.008813716544621875
2013-01-25,0.0015299370955428881,0.01294468715288466,0.0033036901484156944
2013-02-01,0.004310449396893112,0.006588390007435052,0.0041197455961811125
2013-02-08,0.0021431189954254637,0.0037029973718831766,0.0024494556209929685
2013-02-15,-0.009156350910245874,0.0020422173132077504,-0.006009763274136631
2013-02-22,-0.006594415931604974,-0.0014458902717261468,-0.006715112726109224
2013-03-01,-0.0005445269878910141,0.0014479838975571813,-0.0007467863120691476
2013-03-08,0.011200028944177126,0.021892146992709804,0.013609159660456366
2013-03-15,0.006120466390622692,0.006967616748964733,0.006633778950243863
2013-03-22,0.0018505139542243974,-0.001476017290282905,0.0005608069307713459
2013-03-28,0.0009723271385560397,0.006876538245234265,0.0014913244265774006
2013-04-05,-0.009335015959155429,-0.009637665195156297,-0.012129255247849469
2013-04-12,-0.007130891850245905,0.023459274627184445,-0.003454482989607738
2013-04-19,-0.028196173013627125,-0.020906631268787,-0.02801367722533929
2013-04-26,0.020846612441323076,0.017751402320230536,0.020854608406562447
2013-05-03,0.011398741312342786,0.019780166779999497,0.012005191379929558
2013-05-10,0.001322245192089344,0.012641990501336853,0.004210966463739363
2013-05-17,-0.008506702479776938,0.021602005200751506,-0.004172687821678567
2013-05-24,0.0014986394420946352,-0.00976428475096558,-0.0003229778833405972
2013-05-31,-0.003808979968333232,-0.011251592345294492,-0.0028662602539474835
2013-06-07,0.0019165777095503712,0.008259731782256363,0.0019430636448628802
2013-06-14,-0.0012029181528614877,-0.009830527312681303,-0.0013996748434399187
2013-06-21,-0.03025635026476035,-0.02002836607435654,-0.027435906098788904
2013-06-28,-0.010117759268984727,0.008486396542344732,-0.0069815299389516805
2013-07-05,0.0061492541033847,0.016208125027209475,0.009760752337219847
2013-07-12,0.028211722236738377,0.027542174566033806,0.027430086755145522
2013-07-19,0.007750704643882167,0.009909960130829676,0.008746187275390838
2013-07-26,0.008523601005657449,-0.00035452510912492574,0.006819099839966897
2013-08-02,-0.0007475964278649046,0.010880036883687882,0.0006022638948436632
2013-08-09,-0.003294874260360797,-0.009593304848448558,-0.004130968709382149
2013-08-16,0.0038865955927635193,-0.020554088369902912,0.00028502559189930166
2013-08-23,0.008145307294483145,0.004763801381429955,0.008992035995105535
2013-08-30,-0.009417282835041684,-0.017824864024525988,-0.01158741410412803
2013-09-06,0.00573421591260242,0.014604135766364434,0.007451975090479929
2013-09-13,-0.0047682329820860295,0.019814450918125948,-0.000845118892311425
2013-09-20,0.007154515781273118,0.013123646707297931,0.00833482999035845
2013-09-27,-0.0008784063254413219,-0.010602351362633322,0.00017235302346321757
2013-10-04,-0.005369561722982146,-0.0001179692164086088,-0.0037925833588176583
2013-10-11,-0.00598063429822447,0.008111648055530774,-0.004313733465609371
2013-10-18,0.021862574278973167,0.024256946316427053,0.021896581603490284
2013-10-25,0.01216912858944885,0.008945155685695205,0.01038018265802143
2013-11-01,-0.00968174065050435,0.0014778204558212327,-0.011671183933439577
2013-11-08,-0.0036954062072926614,0.006128722903324002,-0.0025530231298582784
2013-11-15,0.007158134232356661,0.015568212482976351,0.0077824218056895544
2013-11-22,-0.008101968360999632,0.004220889400565753,-0.005373961791721643
2013-11-29,0.0038625882493553256,0.001050969898660492,0.005658448084982948
2013-12-06,-0.00657722307618458,-0.0003314159695086971,-0.007014535724474025
2013-12-13,-0.005430470507979062,-0.015640587573189757,-0.007256992637695359
2013-12-20,0.003279073974246347,0.024904160725149005,0.0073065407421928075
2013-12-27,0.008909817170125943,0.012612778531934765,0.0093428894661865
2014-01-03,0.0033523163225792235,-0.005221387611270223,0.002335863817960082
2014-01-10,0.005644256702228078,0.0068346994138426265,0.005639719952145794
2014-01-17,0.001046509647275734,-0.002715280553489574,0.0015718963145207876
2014-01-24,-0.007640850642151836,-0.025865806246228584,-0.008825456488651351
2014-01-31,-0.007686551190762075,-0.00396909322123562,-0.008095722665602156
2014-02-07,0.006953509383489719,0.008418315466057757,0.0033599724646389273
2014-02-14,0.023582588629701362,0.024154299462798123,0.02361205230333091
2014-02-21,0.0022292994597654715,-0.0007067232317495842,0.004235106250300685
2014-02-28,0.006329293709878092,0.013051294050633322,0.0074206677879032346
2014-03-07,0.008710211631223912,0.01057483550558258,0.00985931279862437
2014-03-14,0.0010289889624227775,-0.019122261495098436,-0.0013187593597740188
2014-03-21,-0.005433560776605922,0.012789850479890674,-0.003607713213458791
2014-03-28,-0.013799136934429445,-0.0038128888096968794,-0.016986184497771506
2014-04-04,0.004505339910816407,0.0049059534293376394,0.003871793530011658
2014-04-11,-0.009200228362722105,-0.026233740120055415,-0.012463769368923822
2014-04-17,0.00635315456391734,0.0268850542805672,0.00793335996338776
2014-04-25,0.00025800219240620914,-0.0005364311614116657,-0.0017010456024675047
2014-05-02,0.0029381372156202846,0.00950141348070499,0.0026999469683565425
2014-05-09,-0.004096764568113709,-0.0005319658360360968,-0.006337590859492731
2014-05-16,0.0008940293745876347,0.0004792131352160389,5.77908094122892e-05
2014-05-23,0.006465780297301082,0.01223079052981002,0.00852429762571505
2014-05-30,-0.004603987338161153,0.012240312057852254,-0.0029973401643774156
2014-06-06,0.007860454584581594,0.01401305762850047,0.010398234794816635
2014-06-13,0.0031489004036057704,-0.0063976194227711725,0.0024390485360461234
2014-06-20,0.015805407431905505,0.014159838199703234,0.016401857188951707
2014-06-27,0.00047813682505161155,-0.0006123485800475503,0.0005902729716012467
2014-07-03,0.0068852933251210054,0.012154002599558344,0.007931529542928556
2014-07-11,-0.002717977515738635,-0.008022275521241573,-0.008461623670310198
2014-07-18,-0.005148546424044808,0.005594698087486583,-0.005812897460174271
2014-07-25,-0.0012832452992420195,5.065067284992786e-05,-0.0019808761706626155
2014-08-01,-0.014915933594865077,-0.026400843808765395,-0.015571022366234227
2014-08-08,0.007177242426146701,0.003844177563951723,0.008220132344374076
2014-08-15,0.003978996097851184,0.01283363017175465,0.0044733324101784155
2014-08-22,0.0020397167352743826,0.017729378145069363,0.003586918522689747
2014-08-29,0.005711111115476319,0.007631325805141254,0.0064336899175291284
2014-09-05,-0.003911394102887711,0.0019925899691102256,-0.0036156516800093796
2014-09-12,-0.013654124951096802,-0.009845214516960299,-0.01246399102477544
2014-09-19,-7.41615006379483e-05,0.01259554882121372,-0.002609062272300483
2014-09-26,-0.006985502385743153,-0.013951500870550304,-0.008926739394175875
2014-10-03,-0.010042224354955331,-0.006972686597303657,-0.010282842674294496
2014-10-10,-0.006558582701540039,-0.03043008809394676,-0.011532411022761174
2014-10-17,0.0026509914315461453,-0.010863713183270507,0.007066059429575278
2014-10-24,0.01647917806474327,0.042234829829740805,0.017534840795393247
2014-10-31,-0.01797578751331592,0.026625170151181488,0.006640407124924669
2014-11-07,0.0019280957173044566,0.00833129299355928,0.0030895902494240124
2014-11-14,0.005871795869409047,0.004426026130655902,0.00444215890981195
2014-11-21,0.004468379399574319,0.011946695742924174,0.004789724968280229
2014-11-28,-0.00807552129374257,0.00251578043785039,-0.006064306391912716
2014-12-05,0.0078233730305935,0.003860993849146732,0.007688006467642089
2014-12-12,-0.006298706213532323,-0.034182314525321944,-0.007980676789722418
2014-12-19,0.00811104099263648,0.0336990354207769,0.011344466191353514
2014-12-26,0.00010146878535763966,0.00929662930831765,0.006678934970556077
2015-01-02,-0.003049169205981417,-0.014440178235523238,-0.008078380780722011
2015-01-09,0.011403962860691485,-0.005744388780836052,0.003088019404618725
2015-01-16,0.017840979481016806,-0.012827293591160749,0.006748027785456412
2015-01-23,0.010413366371545375,0.016565179348585923,0.010584160440679391
2015-01-30,-0.012975341316863818,-0.026930924227564157,-0.013041461370946167
2015-02-06,0.0016349984717558448,0.03058386513880862,0.005853198930267839
2015-02-13,0.006998872794998322,0.020579118187876277,0.007372542150060862
2015-02-20,-0.009158138896077339,0.006959702777238341,-0.0022328850365693487
2015-02-27,0.003133027650513898,-0.0027457471622122087,0.0018076422900909217
2015-03-06,-0.017068881885655876,-0.01500040233845612,-0.01626112592725293
2015-03-13,-0.0037769821142300654,-0.008048282055804878,-0.0009651725516206522
2015-03-20,0.01913339015406662,0.026814290296291565,0.02007401706171935
2015-03-27,-0.005680320508804364,-0.02219454945719901,-0.007110235100257656
2015-04-02,0.0032803987594978825,0.0034026451545012826,0.004733279060255224
2015-04-10,0.008559223246255155,0.017438287620987758,0.007683338563781006
2015-04-17,-0.005121862321279735,-0.009950397353035045,-0.00538825235495749
2015-04-24,0.0007590893142078057,0.017792854401388114,0.0018065813954738774
2015-05-01,-0.004799486149514748,-0.004394544749696583,-0.009009323152809168
2015-05-08,0.004523363022927673,0.00427117769422658,0.004526649815664918
2015-05-15,0.011698114139716453,0.0038751690391443105,0.010984128899969803
2015-05-22,-0.0036841499240301057,0.0025889294190131196,-0.002175797348104025
2015-05-29,-0.007130915422940587,-0.008686254964807238,-0.0062644227778856365
2015-06-05,-0.006422896974067838,-0.006488155018611885,-0.0031307752391549204
2015-06-12,0.0028838652336330324,0.0011438761091517868,0.0035182931604494927
2015-06-19,0.00854970355380118,0.008691945677956836,0.010679380547664763
2015-06-26,-0.010012976401086015,-0.004696113842830085,-0.0077614636359816525
2015-07-02,-0.00287088864421613,-0.011962547546382818,-0.010447897307058446
2015-07-10,-0.0009260209976208456,0.0008200559642184135,0.0001902600156081513
2015-07-17,0.012539404830042155,0.024098934923945103,0.0028509440395445007
2015-07-24,-0.02476515696265432,-0.02108445534959691,-0.021232828775084395
2015-07-31,0.008717684959005967,0.012019123175347923,0.005052134487156246
2015-08-07,-0.004338824172976607,-0.012113993817867375,-0.010287817791207798
2015-08-14,0.009115868475921985,0.007068979411324561,0.00802386749404943
2015-08-21,0.011550465361472407,-0.05534325843093557,-0.014361649240251295
2015-08-28,-0.008484944204942524,0.007329552291253982,-0.0025875277364093285
2015-09-04,-0.0076325692511371454,-0.03357071982482551,-0.017033191425296773
2015-09-11,-0.002735475337593263,0.021548360899384056,0.0074396813630875636
2015-09-18,0.011824580126982264,-0.0013920648683876102,0.008242584532971164
2015-09-25,0.0007496804615046426,-0.01330274939530729,-0.01060994358705275
2015-10-02,-0.0004574811956274292,0.011148526071436349,-0.00014502739886554372
2015-10-09,0.009498525297364013,0.03246132725805828,0.02365154153902932
2015-10-16,0.007044321617827776,0.009635863821737978,0.005488685322406317
2015-10-23,-0.00161104894791857,0.020859245833017015,0.0038577140696394174
2015-10-30,-0.008513917073039745,0.0020235244120829776,-0.005939389756723479
2015-11-06,-0.019365543724271562,0.010148021086978432,-0.0016220304419699294
2015-11-13,-0.005054863538707478,-0.03570743059431991,-0.020727625207863948
2015-11-20,0.0010550064442661823,0.03342540785047743,0.012990764748206401
2015-11-27,-0.00690192809002388,0.001194372860548354,0.0019095348537933876
2015-12-04,0.010800617829705985,0.00028632139402873236,0.002979917389846709
2015-12-11,-0.006836858103372746,-0.03692393446849673,-0.023700240908471032
2015-12-18,-0.004896413659700038,-0.003316667834589615,-0.004591005562353312
2015-12-24,0.006629478428597457,0.028297133074522307,0.017355919544183668
2015-12-31,-0.007584577573986085,-0.008800223781956551,-0.010428558365619511
2016-01-08,0.011960535184829868,-0.058615758299191745,-0.023131332449723485
2016-01-15,-0.007132861611546759,-0.021415152482018307,-0.017585811992345546
2016-01-22,0.005037244921255968,0.014429474172715562,0.008967759785417861
2016-01-29,0.010052897017730622,0.016796080608151298,0.013235508797765083
2016-02-05,0.017606283891632424,-0.029785202890650786,-0.0065897966585727885
2016-02-12,0.021101540684385033,-0.007023359844104737,0.0081373210938398
2016-02-19,6.2516990616766875e-06,0.02877376682301591,0.015419023611165955
2016-02-26,-0.0002842587376537197,0.016093433135356605,0.009696118584943375
2016-03-04,0.013845833554794964,0.027372303469250125,0.02483667782795318
2016-03-11,-0.003294980273888304,0.011624854007044272,0.0013227217026059168
2016-03-18,0.009780586295569283,0.013188641250670097,0.007991862164606789
2016-03-24,-0.012657850987980595,-0.006165149230497713,-0.01369233678636314
2016-04-01,0.018677199604920945,0.018708595481267354,0.01564180950460925
2016-04-08,-0.007749697382289427,-0.01169538716911056,-0.003915158658281265
2016-04-15,0.014155945638392108,0.016039194487763808,0.010556600054570348
2016-04-22,0.005885914569578743,0.005726894865393906,0.004706030182295012
2016-04-29,-0.0005825403551541208,-0.012633414397851261,0.0057795709849507715
2016-05-06,-0.004775659996913279,-0.00295651601680591,-0.005005141829309667
2016-05-13,-0.00669925632498558,-0.0046664028337527474,-0.007042258615168079
2016-05-20,-0.007216383999484922,0.0035653735287533017,-0.0010945968861302557
2016-05-27,-0.011472468144982395,0.02311531867075267,0.005775961694046899
2016-06-03,0.012423630544459009,0.0001904169772992681,0.010648327506732502
2016-06-10,0.006519036409823004,-0.0009986233483426643,0.006245350861115967
2016-06-17,-0.00014637481867094083,-0.011786591904231591,-0.002472972136361884
2016-06-24,-0.0018058737797097156,-0.015882334874611437,-0.0032539745320556424
2016-07-01,0.02027190472536744,0.03286737533261208,0.020046474668223124
2016-07-08,0.006939342885677825,0.013005098199366572,0.011665190873940134
2016-07-15,-0.010897073336933539,0.01495389420407478,0.002361543033021385
2016-07-22,-0.0005977308169529794,0.006533067044711904,0.0022766029577748204
2016-07-29,0.00891679772986329,-0.0005522866146303596,0.006779870776247476
2016-08-05,-0.0016214244286353531,0.004881981943950731,0.0006686827394866701
2016-08-12,0.0001240260782760404,0.001283335102205907,-8.04287487156663e-05
2016-08-19,0.0018786604734019165,0.00036632574136419294,0.0025389958262639345
2016-08-26,-0.006728871132612562,-0.005719996121423154,-0.005260265951433057
2016-09-02,0.004420394814300866,0.004970176392579129,0.005484530283804967
2016-09-09,-0.010438193520906951,-0.02330895582092629,-0.012105778187494115
2016-09-16,-0.0013447885207062524,0.005475455700162168,-0.0004710355212752537
2016-09-23,0.012960841075058224,0.012279181281267482,0.01432862678619079
2016-09-30,-0.00439759245065593,0.0014354330052799291,-0.004062372379490753
2016-10-07,-0.017534996080837834,-0.005825389222266386,-0.016270954951599748
2016-10-14,-0.006148548235192831,-0.008928336703260764,-0.0080279342134984
2016-10-21,0.005873920751805606,0.0040352156081364665,0.005651724522560908
2016-10-28,-0.0031219049459688063,-0.006729817484727119,-0.0065256549554597865
2016-11-04,-0.001132099384828761,-0.01877291085383137,-0.0033207344011457474
2016-11-11,0.0049011923860385175,0.037737092321061594,0.019117430490113357
2016-11-18,0.0007165814089842683,0.009610610821435106,0.004863431712509497
2016-11-25,0.007399472175971168,0.01382168207625556,0.003553123209070419
2016-12-02,-0.009780590341443917,-0.008306345848239749,-0.00879435774788781
2016-12-09,0.0255968206051152,0.031090591558240455,0.01801589790150207
2016-12-16,-0.007271963255192865,-0.0006336821279683269,-0.01040976621409137
2016-12-23,0.002475926214497637,0.0029773829783750205,0.0020671888632094737
2016-12-30,-0.004476919887008691,-0.009658418499942312,-0.00038368955893552936
2017-01-06,0.015539966511115434,0.01646282242131858,0.010376231051436174
2017-01-13,0.004575058738058774,-0.0007041786817051365,0.006584688329881766
2017-01-20,-0.0014199462461853942,-0.0013652930215377612,-0.0018417418422620735
2017-01-27,0.005633397238232596,0.009835053052260845,0.002500649480108502
2017-02-03,0.006451730440859671,0.0016159685105372468,0.00744118850836803
2017-02-10,0.009854570203907932,0.009461929803984637,0.007691663848397201
2017-02-17,0.011459656677903229,0.015463587771608056,0.006126768145804012
2017-02-24,0.007499263418799424,0.007018803663994211,0.005544719057096276
2017-03-03,0.0009533880712011668,0.00709619594745825,-0.003526892108908275
2017-03-10,-0.009648911419443608,-0.0030618064606202644,-0.011669919297286169
2017-03-17,0.007730672186238407,0.0015615918302887,0.010200906072889149
2017-03-24,-0.0093774590072165,-0.013373843800256191,-0.0054900774286217036
2017-03-31,0.008324639518895484,0.008039080953789135,0.007361915251529849
2017-04-07,-0.0023807408326647073,-0.002290548535089032,-0.002702861505373133
2017-04-13,0.0025059499923853366,-0.01143706412601464,0.0010431351179717163
2017-04-21,0.005178995234330696,0.008945651163729362,0.008317570013221365
2017-04-28,0.0025714359934019275,0.014877240915589507,0.0037356714745990782
2017-05-05,-0.007209994305566258,0.006804179700881541,-0.006409231660995496
2017-05-12,-0.00242962650927086,-0.003003634386595233,-0.0036495794223196376
2017-05-19,0.0047190434941488495,-0.002803640049018008,0.002285132475691287
2017-05-26,0.008908827347677145,0.014267169958442238,0.008669779461455723
2017-06-02,0.008152990399328496,0.010177592435906213,0.009210620754135201
2017-06-09,-0.0028250341691719357,-0.0031126723839327575,-0.0001860496239039222
2017-06-16,-0.003276842948517145,0.0016976480385131332,-0.004452997808892217
2017-06-23,0.0015355757403407444,0.0020198973019236455,0.0020662435598143847
2017-06-30,-0.005626823231651734,-0.00547063130603076,-0.004478777422376484
2017-07-07,-0.0064589497103391515,0.0012819934382417575,-0.005238118762840666
2017-07-14,0.010073424679319397,0.014249793051219983,0.00932616657840929
2017-07-21,0.009064351941611724,0.005375421248426937,0.008328428457967663
2017-07-28,0.003255284901101285,0.00012157511413146693,0.0020227619319654333
2017-08-04,-0.003165294077601233,0.0020248944786764866,-0.004786031460542267
2017-08-11,0.001024843457687919,-0.013297547624329997,-0.002958708072113403
2017-08-18,-0.004502202763007496,-0.005775762570950582,-0.005428720254380404
2017-08-25,0.005317988073178469,0.007621994333103954,0.006554983524037494
2017-09-01,0.015503434465232823,0.013411983593629717,0.016798629278450605
2017-09-08,0.002136678219605193,-0.005083690834441601,0.0004998244096230398
2017-09-15,0.0016178453057482892,0.015599716869776792,0.004448213363091341
2017-09-22,-0.004119649225145971,0.0010035092405575874,-0.0013171483327171496
2017-09-29,0.001437663577558668,0.007175886049801017,0.005799759596211651
2017-10-06,0.0043176927390426775,0.01249850012727416,0.0051623134312030194
2017-10-13,0.007256747801004026,0.0022800924942780743,0.005221696809672716
2017-10-20,-0.0022770565095599103,0.00847220326562792,-0.0016192514911953504
2017-10-27,-0.001002003059874812,0.0023337318558016573,-0.001133476147339052
2017-11-03,-0.0006319275261050862,0.0028715114742796644,-0.00198500433131496
2017-11-10,-0.0007107822474055282,-0.0013931138254813513,-0.002841942163478328
2017-11-17,0.005077330028632315,-0.000891127197926056,0.006376312020673486
2017-11-24,0.003818055784312979,0.009695183506247318,0.005594413269366688
2017-12-01,0.004970934194791842,0.01574751242349315,0.005751547091830261
2017-12-08,-0.007365627523250145,0.0039703767815673086,-0.008061973579997439
2017-12-15,0.005374890087532419,0.008897182512930923,0.005012045027670303
2017-12-22,0.006552320193671085,0.0037521682526306943,0.006946656033507109
2017-12-29,0.005574344697708855,-0.002430032156755635,0.00398221796895179
2018-01-05,0.013999514832634917,0.024582602029224354,0.013154280338537994
2018-01-12,0.01171969307469654,0.016457844677070455,0.012689357819179597
2018-01-19,0.002048331624961214,0.008959316849284082,0.0017823740879462646
2018-01-26,0.012008638097255215,0.02200360178428218,0.01010144965673751
2018-02-02,-0.02127561297783377,-0.03883727840575402,-0.022158948064711748
2018-02-09,-0.02583093129476656,-0.05064461705953949,-0.027009845337805233
2018-02-16,0.02717739321671117,0.044397623625007654,0.028173955657784494
2018-02-23,-0.0017091741664137182,0.005858759568240668,-0.0009579099415545356
2018-03-02,-0.009877357873546544,-0.020494607683603894,-0.009118490561596998
2018-03-09,0.01728580736077883,0.03638361839690951,0.02005634340687265
2018-03-16,-0.004856071973503717,-0.012807960047580336,-0.0067759347505823575
2018-03-23,0.004312394116987584,-0.05889883731049905,-0.020145069476505295
2018-03-29,-0.0033692880039321253,0.019763596183718368,0.004520713319113356
2018-04-06,0.0007481876281250188,-0.013034485595988188,-0.004414858288506379
2018-04-13,0.004726705420155209,0.020906886314171702,0.012933119832625406
2018-04-20,-0.002682540841211567,0.005506330873870091,0.0020364537935652904
2018-04-27,-0.0033478230718529843,-0.00018723689443878033,-0.0035395585956047304
2018-05-04,-0.0033038020824602836,-0.0020258537651483,-0.0007587753013049148
2018-05-11,0.0038640893966174093,0.025674716775770934,0.013849511083728921
2018-05-18,-0.008784822937880877,-0.005571103444011571,-0.0033675303900514153
2018-05-25,0.004058272828908716,0.003022461187334624,0.002759676114770987
2018-06-01,-0.001589063173548455,0.005328028146117436,0.0032247449869721723
2018-06-08,0.012807209973671987,0.016776170177961847,0.009374875267865679
2018-06-15,-0.0011220158092046576,0.0006633366385337958,-0.0014115455487299922
2018-06-22,-0.007245152515450565,-0.008624358952569744,-0.003991232580172421
2018-06-29,-0.014614781228945517,-0.012593990360654783,-0.012512701252406666
2018-07-06,0.008370175684343006,0.015261443611431558,0.012116929018193612
2018-07-13,0.0015908257095922137,0.015140507686095317,-0.000137408026348651
2018-07-20,-0.00193262398540025,0.00032161540822484014,-0.0005686505123178309
2018-07-27,-0.0017928868824322432,0.006221266516364565,-0.004968731330630499
2018-08-03,0.0012429739303630783,0.007746521502154824,0.0018868102317919355
2018-08-10,-6.73335537008323e-05,-0.001551214662540712,0.0012155152001733505
2018-08-17,-0.003768337717933523,0.006709567801312044,-0.0025889422708385013
2018-08-24,0.010513889466549919,0.008594540061277023,0.011636023410986407
2018-08-31,0.0025638577755014544,0.00973896554200393,0.0031247368531142627
2018-09-07,-0.0056778925729362665,-0.009334878853402673,-0.00677111208026554
2018-09-14,0.003747352688172228,0.011404821462968506,0.0034384471557381002
2018-09-21,0.0034814558821940843,0.008360231000225538,0.0015797494847875626
2018-09-28,-0.004094505079406474,-0.004349642882466753,-0.004572671511335724
2018-10-05,-0.004705484120663533,-0.009974929353425477,-0.009855939943871156
2018-10-12,-0.015762318739950227,-0.04124111959275434,-0.020184609816007143
2018-10-19,0.0022549503654379797,0.0010870858051166277,0.0015734174035402781
2018-10-26,-0.000947405582579996,-0.039529741664795615,-0.01728740127366507
2018-11-02,0.001435228644882791,0.024724033905026976,0.01666341553239825
2018-11-09,-0.005222047396544572,0.0215900596302121,0.0009066698417909413
2018-11-16,0.003919982777566866,-0.01450917370007776,-0.003916109400853379
2018-11-23,-0.0031291488054698614,-0.03828587861302313,-0.0158206933679666
2018-11-30,0.0045171312219086214,0.04710355509407793,0.019575726745537453
2018-12-07,0.005420128851445739,-0.04382402696771415,-0.019038425278913917
2018-12-14,-0.0044247745094630475,-0.01176122204673613,-0.010920166661116365
2018-12-21,-0.00018261958299065073,-0.07050493207543485,-0.03448172991312237
2018-12-28,0.012012206392781244,0.029289614102881778,0.021593793161405417
2019-01-04,0.0033077519721768315,0.018728425030026585,0.013704251415970092
2019-01-11,0.0037370732891152895,0.026110695278578566,0.01906548058295318
2019-01-18,-9.232029259546035e-05,0.028882464869993463,0.011761183231231737
2019-01-25,0.00618572947470748,-0.002552029444430337,0.0033595347492839656
2019-02-01,0.007738466252109344,0.016103366550218157,0.010879391223435952
2019-02-08,-2.23245724728649e-06,0.0015182400158542109,0.0013089017715551543
2019-02-15,0.02250861131461225,0.02551116847215318,0.018102905381251505
2019-02-22,0.00712283222463137,0.006381402356685051,0.006325252749310173
2019-03-01,-0.002703004653993957,0.004585444658315119,-0.006119967129996073
2019-03-08,-0.018496111496029165,-0.02125400710786496,-0.013202932854709193
2019-03-15,0.02245532693394592,0.029472922742092456,0.012985670620787426
2019-03-22,-0.007728597599970543,-0.0073225540155108515,-0.00677045513738922
2019-03-29,0.007834956799432979,0.011566457818241282,0.005004804350133979
2019-04-05,0.01816783830039208,0.021559345450165468,0.012107752648519071
2019-04-12,0.0036210796397042498,0.00550939737899081,0.001427225907122076
2019-04-18,-0.004651153256143537,-0.0004826561922264272,-0.006201761913333853
2019-04-26,0.011794419709898562,0.011689447771624506,0.009789880371258719
2019-05-03,0.0023288309469974844,0.002112909739961477,0.002454050550594389
2019-05-10,-0.015469679502918748,-0.020167888303055048,-0.009067940655676204
2019-05-17,-0.010004102772184952,-0.007844856800642286,-0.009213856517742203
2019-05-24,-0.007892721833459682,-0.01070513913759552,-0.004444889479785441
2019-05-31,-0.01881964080860067,-0.02655782453098876,-0.009649781645090921
2019-06-07,0.01473116929100047,0.0449737541570121,0.026951837005730506
2019-06-14,0.000583297624245449,0.005597449537805277,0.002840974584750605
2019-06-21,0.020149509537773082,0.02132988106394884,0.02103395590731183
2019-06-28,0.0035936743558674824,-0.003401231832806939,0.004095846543413273
2019-07-05,0.010259311730758693,0.018634788182678275,0.00411143054902971
2019-07-12,0.006327704037437693,0.0073377734312074505,0.0037027559748203653
2019-07-19,-0.008316109933691607,-0.011574785552549205,-0.0045645383921049665
2019-07-26,0.012647960923865909,0.01628666490596986,0.007933439109093138
2019-08-02,-0.008700267590482407,-0.03109175913442097,-0.010141286889058854
2019-08-09,0.009788073641795864,-0.0034170417743396575,0.006227049420492625
2019-08-16,-0.0006219371831474641,-0.009498765963887545,-0.0021918679363543414
2019-08-23,-0.004108702969517375,-0.013848191144953392,-0.006440121052797149
2019-08-30,0.000802771490092214,0.02668057400556978,0.011803713405497296
2019-09-06,-0.0034361075019917363,0.019148471869934847,0.003255555112935099
2019-09-13,-0.006266142672901575,0.010199762600509255,0.010641571776026287
2019-09-20,0.008462620731499991,-0.004757602983236797,0.0012909027462498224
2019-09-27,-0.013928260167722755,-0.009655308816651331,-0.011378358771986813
2019-10-04,-0.0031239539770551938,-0.003554494966689803,-0.001574301607360995
2019-10-11,0.002712521172263893,0.006556787949154597,-0.000638650381566408
2019-10-18,0.006708152431380732,0.0057038944917140455,0.00634804690548052
2019-10-25,0.01226110016113292,0.012182350311777057,0.009246318840815698
2019-11-01,0.01377147222042685,0.01505317049663546,0.010409653568176414
2019-11-08,-0.00037827462696985413,0.009146197758602481,-0.0057020353181562455
2019-11-15,0.007039163507773839,0.009225151572820556,0.003901625599184111
2019-11-22,-0.003071213944770762,-0.0026621278251884872,-0.002557989793056964
2019-11-29,0.01054223414068397,0.010772981320547048,0.008608806928583124
2019-12-06,0.001783714034605366,0.0017819476848335292,0.0015857818763743148
2019-12-13,0.0076056125776659544,0.0077809014450418434,0.005473745421157639
2019-12-20,0.013874968568312286,0.01571576884708059,0.009738122668980498
2019-12-27,0.008245125448385533,0.006640665549201286,0.006766031169012449
2020-01-03,0.003394462605955639,-0.0013933250926051466,0.0051358859404356805
2020-01-10,0.0078744992914701,0.010235046559378347,0.003877075416753528
2020-01-17,0.008073165149565565,0.019158288977848326,0.010772199754409989
2020-01-24,-0.002369322812441654,-0.00957985088598301,-0.005153802283183684
2020-01-31,-0.006959769776898356,-0.02141303306711617,-0.00968239683778066
2020-02-07,0.01069722545616636,0.032542960887147476,0.012023223249650272
2020-02-14,0.0043179822006580776,0.016255132346562062,0.01074844225824284
2020-02-21,0.014847195859404905,-0.01220379756351364,0.005704453464541459
2020-02-28,-0.023385910497573527,-0.11161100888179964,-0.06713211954977896
2020-03-06,0.02860028223050013,0.004050413410663589,0.014903009955614055
2020-03-13,-0.04522584758615862,-0.09460107249735983,-0.08922321756484719
2020-03-20,-0.022178572644825714,-0.1454572473817407,-0.07909980155461818
2020-03-27,0.04634394547189727,0.10760500272423101,0.07761310513121422
2020-04-03,-0.0005737333108637222,-0.020637610137078433,-0.021918026204738872
2020-04-09,0.027918609492519612,0.12091531113419607,0.08576210793342254
2020-04-17,0.0029043565381257743,0.0303379263907555,0.004127563346813634
2020-04-24,0.008870941442553005,-0.012803672884853068,0.003874927418589913
2020-05-01,-0.006855421270187557,-0.0006360035745739401,0.0011414215915920012
2020-05-08,0.005361088930399193,0.034124329840075074,0.02412949224364641
2020-05-15,0.0067605617054827035,-0.021064184631013227,-0.013488932664209918
2020-05-22,0.0012121915840644815,0.03199643846205813,0.026393247150965443
2020-05-29,0.0023862183915877464,0.03005723914880165,0.014544596782704228
2020-06-05,-0.00761544841459938,0.0493558270764034,0.0248620001845499
2020-06-12,0.0072213068874188435,-0.04737924112166825,-0.024232667225187576
2020-06-19,0.005428628053922458,0.019027490142495385,0.01273337175066952
2020-06-26,0.003568806646517331,-0.02783187165628931,-0.010677073172796675
2020-07-02,0.03180280414265511,0.04059313548857868,0.021350828682872414
2020-07-10,0.012657122361778511,0.017166533263281103,0.005629089081934324
2020-07-17,0.01515689849969535,0.013004390824032264,0.014081951723264763
2020-07-24,0.007867941104899159,-0.002611009781886775,0.011086160053166427
2020-07-31,0.017770641066978954,0.017576561974497862,0.01614428707110105
2020-08-07,0.023253822969215153,0.024653954632117614,0.0283055787486009
2020-08-14,-0.010211934934053984,0.006784912121070352,-0.007839676779429372
2020-08-21,0.00035525145116263026,0.007837624424201328,-0.0026568903457270254
2020-08-28,0.017014629525814208,0.03269704202677315,0.015531861966597116
2020-09-04,-0.01528126274296467,-0.022847702317919993,-0.016375082601484597
2020-09-11,-0.00965865087784844,-0.024841565226151108,-0.010980491021885974
2020-09-18,0.0018227732800506716,-0.006246129438981285,0.006405406432882954
2020-09-25,-0.019677863852919197,-0.00580637780574933,-0.023004925700747497
2020-10-02,0.02081758524273871,0.015544559829685056,0.020027255876828604
2020-10-09,0.03784264549182546,0.03897081715112782,0.029294142480325108
2020-10-16,-0.00256859168739933,0.0012685446949611823,-0.004000828654807276
2020-10-23,-0.0017795050454702643,-0.004347875545308355,0.00041167524405175127
2020-10-30,-0.04807949004920746,-0.05564250265205051,-0.03256765162451103
2020-11-06,0.06526891863672453,0.0723342712856554,0.045165238209366354
2020-11-13,0.017213244486672986,0.02267540672513957,0.012390926312899564
2020-11-20,-0.005260908855754398,-0.007735291592176119,0.0018713120465072008
2020-11-27,-0.015523236616204073,0.023471090061795152,0.004360428479458306
2020-12-04,0.01251567860163707,0.016993451745549448,0.01619976173027804
2020-12-11,-0.00021757331648976087,-0.00959843793059989,0.0008104480305317352
2020-12-18,0.015535983535814915,0.012158275165874644,0.016134318899202194
2020-12-24,0.0023995202898975275,-0.0004871345769212887,0.004447651601656388
2020-12-31,0.008652214962174238,0.013224873668400194,0.0024787075443155893
2021-01-08,0.01612194617217568,0.01973888642606547,0.0126795471560468
2021-01-15,-0.009840902671097758,-0.014583143634498863,-0.003186429705757693
2021-01-22,0.01868426024830984,0.01911083565700511,0.013952632555545907
2021-01-29,-0.029816713487482327,-0.03345704091220192,-0.021137536447716043
2021-02-05,0.039480109343280126,0.04766671337911088,0.027458597925760164
2021-02-12,0.013098249452270616,0.012715700777677252,0.010773238608651925
2021-02-19,-0.009998925213345545,-0.006647173878249757,-0.009328930575214445
2021-02-26,-0.026925513769618808,-0.02479314461785176,-0.021765003267697453
2021-03-05,0.001875756969321696,0.00859713340402335,-0.002772993462803075
2021-03-12,0.03156666634327047,0.027187869470058912,0.028694966161736862
2021-03-19,-0.0075535844194803015,-0.008385507048650931,-0.006446556686266897
2021-03-26,0.005713023860014805,0.016689094072622312,-0.0037882534530536416
2021-04-01,0.00940768870480827,0.011692341358803704,0.005921632953665684
2021-04-09,0.018474820039952235,0.02715852304105737,0.007524536334992893
2021-04-16,0.014275409482964276,0.01402201920824453,0.010593265682153019
2021-04-23,-8.599029793243803e-06,-0.0012459537434879042,0.0009989215955495956
2021-04-30,-0.0005940886627884668,0.0013436330828695553,-0.001681245395258324
2021-05-07,0.01500052539371165,0.011550450801533163,0.01251419536945042
2021-05-14,-0.010156945146961338,-0.013124282155153377,-0.006612411827076503
2021-05-21,0.0006082278409933915,-0.00393683525412758,0.0026778366437978374
2021-05-28,0.014418675153496208,0.012291152113904191,0.012796613043510485
2021-06-04,0.0038574698120249053,0.0060944882943283485,0.0018971822351075973
2021-06-11,0.004093152097809105,0.004046524516668537,0.004117761636759226
2021-06-18,-0.030802833047076088,-0.01893083454182265,-0.030986881076793843
2021-06-25,0.02718011257798083,0.028173942529357454,0.021012308295723203
2021-07-02,0.009678166889024809,0.016666452910021334,0.002074196620403368
2021-07-09,0.003153848062876408,0.004150008537754157,0.0009867790577549607
2021-07-16,-0.013575729582700652,-0.009597767492893094,-0.0148135876422337
2021-07-23,0.01516629911844335,0.019938022878168482,0.00928322325818634
2021-07-30,0.0004070516332451311,-0.0032504445783198,0.002851094721025821
2021-08-06,0.0013866529048993659,0.009075934921115136,-0.00290731068087674
2021-08-13,0.005646947256759388,0.007751755406061767,0.0020370825888157695
2021-08-20,-0.0071644144617738605,-0.005740904124477586,-0.0073118605048900776
2021-08-27,0.02186774421354978,0.015540372382453871,0.02186733330214735
2021-09-03,0.006134828226681744,0.006285483149500504,0.004569484614078079
2021-09-10,-0.019668717692396243,-0.01686234273026954,-0.016897053510766896
2021-09-17,-0.007329098994700073,-0.005895073568878639,-0.005660819947612222
2021-09-24,0.003961980359815964,0.005686293329451919,0.0018427920869569514
2021-10-01,-0.013097339742617092,-0.021783739481489595,-0.004069815457071552
2021-10-08,0.004508781384365573,0.008336348060977716,0.00040182037713107355
2021-10-15,0.01565394660409939,0.01829359433929567,0.009967517309564383
2021-10-22,0.015019931594619007,0.01626052487931151,0.009903906133070461
2021-10-29,0.00788036230703989,0.013528287053426569,0.0024748861767708297
2021-11-05,0.026013547936886428,0.02020692062024887,0.025361383849088703
2021-11-12,0.0022476117161198362,-0.0026893250018057424,0.003114783335403132
2021-11-19,-0.004102288682504328,0.0034669282859767225,-0.008876467013710504
2021-11-26,-0.026787356904400494,-0.0211563341261789,-0.024088725247171344
2021-12-03,-0.013602607901428764,-0.012092150909840726,-0.01271754002341663
2021-12-10,0.028401771486639263,0.038198486268518295,0.01512081762020423
2021-12-17,-0.014121515053534496,-0.019659150993967645,-0.0075940363693066115
2021-12-23,0.021371664472187656,0.023332817690175478,0.015448327581189247
2021-12-31,0.008654414696983848,0.0092645607436741,0.005722117959605089
2022-01-07,-0.020196295674139594,-0.018675276926188755,-0.017263643291415637
2022-01-14,-0.0008432345821596965,-0.0029392279381795783,-0.0002617048399344568
2022-01-21,-0.04784973858619616,-0.05753997618407414,-0.03261433534284447
2022-01-28,-9.737733362260529e-05,0.00906430100706146,-0.006301019436613903
2022-02-04,0.014438776343663175,0.015273263411363258,0.00979087101484849
2022-02-11,-0.003805563517626837,-0.01836426981818351,0.005780273210800657
2022-02-18,-0.006807790730811491,-0.014144344601444647,-0.0010872394051950063
2022-02-25,0.006904015602682478,0.008106276195390505,0.004842030258512625
2022-03-04,-0.0030528586106041075,-0.01274685559480826,0.0026279959738478575
2022-03-11,-0.010262082421236284,-0.027998407067590048,-0.008603326504365794
2022-03-18,0.016544608034070023,0.06149197468859979,0.019995900741576644
2022-03-25,0.00967639364203645,0.01837950452321513,0.006440486055907191
2022-04-01,-0.0043181234207566085,0.000508164833199265,-0.002524161549909004
2022-04-08,-0.0057555137712130165,-0.011812160382320358,-0.012132716647061337
2022-04-14,-0.0024873872478232808,-0.02185151953865727,-0.00018405635565849066
2022-04-22,-0.019564587361305345,-0.026839272143944437,-0.02059648051612681
2022-04-29,-0.021110024895597195,-0.03295485727759784,-0.0228949078071079
2022-05-06,-0.004296292327827711,-0.0016017894829212231,-0.005637139929373619
2022-05-13,-0.021209758091579017,-0.02338696930618911,-0.02068650246886139
2022-05-20,-0.005621771143366082,-0.03009553695261169,-0.00524831117874644
2022-05-27,0.0317691939086449,0.06578017278055648,0.03480061526614847
2022-06-03,-0.004229245614089338,-0.011366266309585149,-0.004888744897590502
2022-06-10,-0.003937665197264918,-0.05051886837659425,-0.022195628442408466
2022-06-17,-0.014259967923521612,-0.05736170650735484,-0.038311132940021975
2022-06-24,0.005442093549197426,0.06620012784586549,0.030615390690480276
2022-07-01,-0.004013037840123235,-0.022661992622112548,-0.012313667020921681
2022-07-08,-0.014768250950827243,0.0194890452295855,0.0008218784622911757
2022-07-15,-0.008958523254805085,-0.009107843747178324,-0.010873751989044722
2022-07-22,0.008518120846539513,0.02586124955642677,0.019225870582695037
2022-07-29,0.01396321250877608,0.04277520099488874,0.027383445312721577
2022-08-05,0.0002945326405322415,0.0035922161272015085,0.005967975304521783
2022-08-12,0.009964672367736417,0.03296492068880652,0.024881903897268298
2022-08-19,-0.013493383791010272,-0.011613239763982652,-0.017727959553018785
2022-08-26,-0.007134259218228722,-0.039868182427767906,-0.019118026922341408
2022-09-02,-0.009345190377951219,-0.032247028942780864,-0.02365522434584022
2022-09-09,0.0036705605280251243,0.036610315353733824,0.01948082782522148
2022-09-16,-0.017244002348921574,-0.04785095059196354,-0.030656627585375407
2022-09-23,-0.014586174003076314,-0.04567378354867013,-0.03364964988445471
2022-09-30,0.0013508681944845004,-0.029270362519416393,-0.0069326781242584345
2022-10-07,0.00942848447935807,0.01570662393091604,0.01448691391719481
2022-10-14,-0.015009580648983124,-0.014223372882125052,-0.014570222733902988
2022-10-21,0.008336458325635832,0.046584675729699265,0.022695076124450764
2022-10-28,0.002478568412423354,0.039354186482150055,0.023930846513570414
2022-11-04,0.0035428009409355643,-0.03256887348219151,-0.009776718207535645
2022-11-11,0.0300397940720385,0.05888126714096642,0.040882329327255384
2022-11-18,-0.0059709793795393986,-0.006223099900947271,-0.009021462621509407
2022-11-25,0.003387406277208682,0.01590788660427167,0.007538335222341097
2022-12-02,0.013412056976722342,0.01138371507311775,0.013547762513845374
2022-12-09,-0.004380758186866918,-0.03349623780348299,-0.021485997212602775
2022-12-16,-0.000953665044115515,-0.02097756012404761,-0.009575461162475929
2022-12-23,0.00035795948680552594,-0.000939313566023503,0.00016068724554541003
2022-12-30,0.004643856486193721,-0.0012535401827058479,0.002739659884591461
2023-01-06,0.01323036740073913,0.014774096215048882,0.01538655991213228
2023-01-13,0.015049363299659847,0.02685004955810233,0.02768026662242279
2023-01-20,0.0013860407877416383,-0.006574819123373987,-0.0031601806683767275
2023-01-27,0.0020136819754575158,0.024755143614474617,0.012072148748741657
2023-02-03,-0.011690559642102206,0.01644141910203034,0.005607643444189181
2023-02-10,-0.002870793369457603,-0.01045214473627909,-0.01203223875092782
2023-02-17,-0.005405898164709034,-0.0019117250205438197,1.3522607446886381e-05
2023-02-24,-0.010946247541441235,-0.026714970305798724,-0.018940637470113875
2023-03-03,0.011694701125193087,0.01970321892968574,0.016337317288401043
2023-03-10,0.0014637390414961706,-0.04522634912318679,-0.027913411631347473
2023-03-17,0.030744743460627656,0.014429363669689499,0.014081178934636812
2023-03-24,0.0027352954780571316,0.01476959572166292,0.006031964993270161
2023-03-31,0.0003287982960026636,0.034466206837309166,0.016559908833658932
2023-04-06,0.009346763680857628,-0.000488487694462858,-0.0008520151085699978
2023-04-14,-0.0016049459392308175,0.007991444419884752,0.004527704344979511
2023-04-21,-0.004957616636428852,-0.0006304764472068181,-0.0016838524164242696
2023-04-28,0.0035636384204401185,0.00904904408325713,0.0004180945349596399
2023-05-05,0.006311648995747677,-0.007933922231443402,0.0012184931845751479
2023-05-12,-0.0018823228710695972,-0.0025204055705613237,-0.00409783023036811
2023-05-19,-0.007452771401101744,0.01707995713560484,0.0037479330866524996
2023-05-26,-0.007668835196670166,0.0033441719939535375,-0.003849365568975305
2023-06-02,0.009850749137995541,0.018808748316839097,0.013632517558826107
2023-06-09,0.004888003465072532,0.00462710544376943,0.00705467100494761
2023-06-16,0.008713019505991326,0.026034951835608,0.00695986478689789
2023-06-23,-0.013500415277860089,-0.014222046922766962,-0.015466033678684654
2023-06-30,0.020053510527904175,0.023244987541102047,0.014754810056689022
2023-07-07,-0.008571261386063907,-0.010670573398805727,-0.005794989259770039
2023-07-14,0.024565632837783426,0.024467199175104204,0.02039662181428148
2023-07-21,0.007317020405259922,0.006454707201982712,0.006379233654657895
2023-07-28,-0.0013007569117355665,0.010482630592325348,0.004591013544128553
2023-08-04,-0.004761226328869007,-0.02212646456046896,-0.010141415371311913
2023-08-11,-0.006625770566062672,-0.0025961841170718536,-0.008645138139909303
2023-08-18,-0.006918809488659684,-0.020531719321280173,-0.016503736934553787
2023-08-25,0.005851343845928737,0.007949424453360221,0.004125743582417796
2023-09-01,0.024964207446443454,0.025501907104446886,0.02000856647267102
2023-09-08,-0.01586927989688567,-0.012566813014315281,-0.01528418784153271
2023-09-15,-0.0008159126876284672,-0.0013154669812052155,-0.00041619967250705603
2023-09-22,-0.024340838292420102,-0.02920804618784345,-0.01635886099353792
2023-09-29,-0.011704354758254511,-0.006830599593951936,-0.010253712878241478
2023-10-06,-0.0020832314883418687,0.004819017997114372,-0.006485513797696407
2023-10-13,0.011358956514004637,0.0045628179083816445,0.011017023306540474
2023-10-20,-0.013581258116682648,-0.023893380108988893,-0.004911532481362446
2023-10-27,-0.0172428586479628,-0.024953069192228727,-0.008642604171609725
2023-11-03,0.04789611686197914,0.05846414009841805,0.032798270834689475
2023-11-10,-0.0014872806643276542,0.013618772723515304,-0.012093221496821432
2023-11-17,0.011908608099133635,0.023104388843490753,0.026004949782177322
2023-11-24,0.005090885188758709,0.010004597069191323,0.0065082684018947234
2023-12-01,0.01850415874795626,0.00834634413433788,0.020449446235933755
2023-12-08,-0.014010439143467225,0.002395870073013784,-0.005629516445550209
2023-12-15,0.008335753245512813,0.02397402422367123,0.023033470429267622
2023-12-22,0.009383599571944345,0.009204645704621317,0.013977696668797779
2023-12-29,0.0027916204138765943,0.0035046944752916698,0.0013778386078462102
2024-01-05,-0.006276947563065772,-0.015547815216976457,-0.01601608126436302
2024-01-12,0.011133490461622339,0.01872116283511427,0.006503463276568783
2024-01-19,0.005343049219519376,0.012062551680720901,-0.0013063097856284844
2024-01-26,0.008497999216331719,0.010322798118854504,0.006243268156021303
2024-02-02,0.009764584188008114,0.014238571603378158,0.003822458168455084
2024-02-09,0.011739562161607986,0.013856568728704888,0.008129362009831137
2024-02-16,-0.0017892266561844506,-0.0033718600280807642,-7.083781980424253e-05
2024-02-23,0.011983204243373858,0.016696371383306596,0.005069355153186017
2024-03-01,0.015429542607693171,0.00984530612912704,0.016330408401262764
2024-03-08,0.00831485476963637,-0.0022033037633473196,0.012346950908433907
2024-03-15,-0.0054986316727613505,-0.0005978938595934125,-0.008820163730790226
2024-03-22,0.01750684184633313,0.022321214789719823,0.011138436324941492
2024-03-28,0.011505710148399063,0.003568593831287714,0.014029876549771336
2024-04-05,-0.0007805744883390029,-0.008870875494703445,0.0019075104927891995
2024-04-12,-0.012102740386913818,-0.014620936669018869,-0.00921776763731394
2024-04-19,-0.02033614741637241,-0.030713527536894047,-0.010012840553930535
2024-04-26,0.017260164748269993,0.02645615280443292,0.008506079558742885
2024-05-03,0.0031727387990013733,0.0059615092468956465,0.002815664671733442
2024-05-10,0.01933149014960528,0.018678338541852746,0.014342301764131205
2024-05-17,0.018039443823936484,0.01653084473878752,0.014834551972983667
2024-05-24,-0.008836618185819668,-1.8893740775238754e-05,-0.011981631545640026
2024-05-31,-0.002874689853340412,-0.003909779266159874,-0.000986506856887004
2024-06-07,0.0014156796486765105,0.012591012079936403,-0.0065408288729755515
2024-06-14,0.013150637950680905,0.016422928878580434,0.007682251988886973
2024-06-21,0.004517272965733054,0.006423451830735338,0.002634751165348531
2024-06-28,0.0017696348003399974,-0.0005326532828858754,0.0033347359550918443
2024-07-05,0.01645871159955527,0.019146803573725002,0.010010477949721958
2024-07-12,0.017405963916955525,0.009645906641403634,0.02109852902755266
2024-07-19,-0.01140125259922602,-0.01964323889643893,-0.002239260301571566
2024-07-26,-0.0012742384984224366,-0.008287965450975432,0.005837169228297773
2024-08-02,-0.01974328174266492,-0.021196007265343986,-0.014543344469984232
2024-08-09,-0.0023488146564172472,0.00016875033767482783,-0.0043414530091673564
2024-08-16,0.03707871335743733,0.04000064542252235,0.02588857112938442
2024-08-23,0.014685048670455714,0.014107703467390431,0.013525714056367044
2024-08-30,0.0009588486105134963,0.002757389114366182,-0.0004677913502044162
2024-09-06,-0.03576340619966346,-0.041371038294199525,-0.023534569486564988
2024-09-13,0.03946674739145484,0.04006597777966747,0.03005346943463605
2024-09-20,0.015469882822937165,0.014204383534545784,0.012894072472549811
2024-09-27,0.005672922946955611,0.0056663350207195595,0.00394637896543934
2024-10-04,0.000897949502042139,0.0026424947864371884,-0.002134377959559175
2024-10-11,0.009315023262004452,0.011518653647975663,0.005826999355331985
2024-10-18,0.013320492416729824,0.008644219288895805,0.013179657704748937
2024-10-25,-0.009032998101121969,-0.00949390395737193,-0.008337838658107694
2024-11-01,-0.009589839056405841,-0.013816031596667888,-0.004454232692849253
2024-11-08,0.04044235421161402,0.047545017220266494,0.02933258984109588
2024-11-15,-0.02593557501093453,-0.020796096799391317,-0.026935824520478296
2024-11-22,0.02710625947557612,0.016662438115004674,0.02939533497487945
2024-11-29,0.0012777043240164371,0.011821724735304295,0.0028935483282266083
2024-12-06,-0.0008519555295069432,0.008729501853764532,-0.0030107202177404035
2024-12-13,-0.00712560309202686,-0.005922801697918589,-0.006658956661754506
2024-12-20,-0.02045420809837308,-0.01832208134500679,-0.018166751042518275
2024-12-27,0.0039836788291853446,0.006529650634675699,0.001530767229292157
2025-01-03,-0.0002352624208598721,-0.005142753076462059,0.0036303762579013577
2025-01-10,-0.005443393512567218,-0.019359859043547645,-0.008856160343621827
2025-01-17,0.0163293006966858,0.029440769385439935,0.01914178862151511
2025-01-24,0.01537914258119425,0.017386722593206727,0.014509670109520867
2025-01-31,-0.0006354920135079878,-0.010115648440962355,-0.0016426201874553958
2025-02-07,0.005230024865135569,-0.00174458282647727,0.004053934852088464
2025-02-14,0.008302621265434717,0.0148641457522376,0.006343477193630737
2025-02-21,-0.0037786089229015552,-0.01600783792070415,-0.008436677452902663
2025-02-28,-0.011928775559571697,-0.009600915194632909,-0.01175856193269037
2025-03-07,-0.022865579921227303,-0.03073152695447634,-0.012914255216479348
2025-03-14,-0.01192047653772244,-0.022763478702339968,-0.002903358175922771
2025-03-21,0.00667562755468697,0.0050931712689819,0.00638307665409843
2025-03-28,-0.008047196021820042,-0.014752194784271366,-0.0025127889339806864
2025-04-04,-0.014819298441256856,-0.09066696975242017,-0.049627917843761304
2025-04-11,0.030200567662958634,0.056720835336059316,0.034073369217153066
2025-04-17,0.01152661607889468,-0.014102563509634236,0.007192068002248336
2025-04-25,0.003330396239507238,0.04602875681720686,0.02088632655778347
2025-05-02,-0.0062468503839224416,0.02927505401966468,0.009814854852614824
2025-05-09,0.01122403445044824,-0.004269785897451195,0.006656260243310563
2025-05-16,-0.011679798387996487,0.052911302536658544,0.013943571590972342
2025-05-23,0.01909129563697205,-0.02539564527343141,-0.0015826544379868024
2025-05-30,-0.005196834166340247,0.017751419365196863,0.0030569872480313287
2025-06-06,0.002716237236853858,0.01654257864753239,0.013253236932889434
2025-06-13,0.015421112484397715,-0.003571643849520023,0.005265285860331453
2025-06-20,-0.0071628869307778014,-0.0016132748289827692,-0.003802567644507926
2025-06-27,-0.00644554747023931,0.0347141641906068,0.009776001367969217
2025-07-03,0.008793096852415095,0.016961948454392584,0.01758917296204421
2025-07-11,0.0025722504185023863,-0.0027506551077151054,-0.0004849713790408827
2025-07-18,0.00014975723665624498,0.006350026990205926,0.001934009050071267
2025-07-25,0.009201069146951603,0.015169303245615051,0.005355458501834276
2025-08-01,-0.020902928518692215,-0.024140590588758615,-0.014029731518228533
2025-08-08,0.02248138284757191,0.024866579509999154,0.015563672294536313
2025-08-15,0.00743190036077449,0.009824520525607339,0.005846746550750376
2025-08-22,0.009023471642058488,0.0029062167304909625,0.012307731867612581
2025-08-29,0.004778530746495907,-0.00040290607452442284,0.006682544661788997
2025-09-05,0.012026830022295919,0.0033949739918739397,0.014413226006290525
2025-09-12,0.013213057307736321,0.0157128922196057,0.007857830008465405
2025-09-19,0.013634428758005036,0.012366939811585986,0.011574548603925816
2025-09-26,0.001604214454612313,-0.0028325562231477086,0.002965812772810411
2025-10-03,0.016335820415472015,0.01116615413952382,0.015772884695316236
2025-10-10,-0.01421128599537344,-0.02419278204702513,-0.005776998771384129
2025-10-17,0.025628749339141846,0.017411470635344983,0.024201430493270393
2025-10-24,0.010393902608208792,0.019356070768909772,0.003710510867661221
2025-10-31,-0.002287779642877203,0.00710226487393828,-0.008047595161292664
2025-11-07,-0.0132799947655294,-0.016259671647705587,-0.008285082149652345
2025-11-14,0.002520138059275862,0.0014308936722768895,0.001276941195524045
2025-11-21,-0.014565482699632998,-0.019198430339653072,-0.007298867837957829
2025-11-28,0.039671250593767624,0.03696336253768062,0.03243611514961692
2025-12-05,0.002663233344986404,0.003365588310136669,0.001759348959787299
2025-12-12,0.0027747584776383065,-0.005731491891450613,0.007762117854799189
2025-12-19,0.0013013607678412865,0.0012337582474892805,0.0008236408512680704
2025-12-26,0.018541654406757868,0.014281658682404386,0.01539126224739018
2026-01-02,-0.017157350126063006,-0.010343166003723092,-0.01607354206268377
2026-01-09,0.025404412029304945,0.01595501466866267,0.025566846204483545
2026-01-16,0.0042215482054091145,-0.0034722813138664543,0.008437509535177579
2026-01-23,0.014607556557579308,-0.003513314803889833,0.020163229276351363
2026-01-30,-0.006037491723788429,0.003975460654395135,-0.01054822766966887
2026-02-06,0.00655826573350794,-0.001950937693641741,0.010950434351643612
2026-02-13,-0.006370150539117408,-0.012843508237108892,-0.0006205961449809172
2026-02-20,0.010857492516486857,0.011265179269564163,0.007416658252611924
2026-02-27,0.001399986097310579,-0.004989677188090402,0.004373239744954349
2026-03-06,-0.02316605165250714,-0.019839946812500675,-0.020996883676789507
2026-03-13,-0.01767652104151903,-0.015006367038130297,-0.015269710975809564
2026-03-20,-0.03472033585548485,-0.018041555783047336,-0.03497729499098201
2026-03-27,-0.013328303241210832,-0.022326009999274476,-0.0036319329016536173
2026-04-02,0.017534673944428182,0.034285336961040525,0.02652042103869412
