date,portfolio,market,ew
2006-12-01,-0.0013593644524153895,-0.0009267808079972406,0.003805891242561521
2006-12-08,0.00367126627573034,0.008558747978687054,-0.005401764026244548
2006-12-15,0.005424737814360419,0.0121134310953539,-0.0024801989343044895
2006-12-22,-0.00964331906581754,-0.011170687772817267,-0.0050049463801567825
2006-12-29,0.008112567046948727,0.00618139577600374,0.006631843835464935
2007-01-05,-0.012442147360763156,-0.007626511605071773,-0.013375705403206274
2007-01-12,0.019924606043960562,0.01921195404968601,0.013190490663219267
2007-01-19,-0.0033218692434004936,-0.0029324074128233013,-0.00023825570215834117
2007-01-26,-0.0005443802072283676,-0.004831069143462874,0.0023446692927659328
2007-02-02,0.017546624781992936,0.0188560857217992,0.011606095851860057
2007-02-09,-0.000493637840815669,-0.0060083143493081526,0.005070138943197189
2007-02-16,0.01064261965097918,0.01243608921158379,0.008059990304247222
2007-02-23,0.002519117697139295,-0.0029507713967512617,0.006703373937749446
2007-03-02,-0.044357359108041956,-0.04562968394711597,-0.02793429327781667
2007-03-09,0.012876637221150872,0.015215703247922985,0.006032241751749656
2007-03-16,-0.008501276364540566,-0.012079209589044959,-0.001598620129937611
2007-03-23,0.029798690823628127,0.03508266143259786,0.01611264716517602
2007-03-30,-0.00696827248668142,-0.009693944689626255,-0.0024499271817578264
2007-04-06,0.013575485523282782,0.01577453389606398,0.008713783227850859
2007-04-13,0.0018543234806689527,0.0074884590929904515,0.004589014646980672
2007-04-20,0.009887854837538157,0.02270769206903611,0.0121001460813432
2007-04-27,-0.00581409343987368,0.006123074638868742,-0.001189396873565385
2007-05-04,0.0063664431195381566,0.009295602103871925,0.006003185115568011
2007-05-11,-0.011376248350447078,-0.00039748376618131687,-0.007184489838183183
2007-05-18,-0.009397626555928762,0.011666459045191147,-0.005144564610838521
2007-05-25,-0.0045188600062376905,-0.006093543552265546,-0.0015415158230756454
2007-06-01,0.007083140556697027,0.015756124275648764,0.011004600619002103
2007-06-08,-0.01889627188436856,-0.01973021811718212,-0.018262648189097532
2007-06-15,0.003974538748237777,0.017808046571181846,0.008499049463058083
2007-06-22,0.0007018820700998962,-0.016463146561266018,-0.00540178335600372
2007-06-29,0.0004669476379450142,-0.0007969418878261969,0.001205416793926517
2007-07-06,0.0004961449481509345,0.016951642684701174,0.0067795110195714835
2007-07-13,0.010338874730940594,0.012223395409089566,0.008231260878534607
2007-07-20,-0.007195277897907314,-0.008717712951810674,0.003363941741833764
2007-07-27,-0.05071440142489546,-0.05465791463251568,-0.028476314033673792
2007-08-03,-0.006334734451085244,-0.009027917784937056,0.0006307530698394181
2007-08-10,0.010006593436166939,0.00632847034187578,0.004884734221105225
2007-08-17,-0.004572124665086573,0.0,0.0007833869891617608
2007-08-24,0.009932759196553554,0.025015686445881702,0.012871092662698837
2007-08-31,0.006030708494183495,-0.004989262369373582,0.000672419959712012
2007-09-07,0.024321047429616827,-0.010298657408964518,0.00954878573182636
2007-09-14,0.0022689560398642954,0.01937433555289747,0.0050818179960650635
2007-09-21,0.010139640894806186,0.025459606817976654,0.01591940123439089
2007-09-28,0.009346590865397698,0.004013294014336477,0.004171097739570629
2007-10-05,-0.001630221030232032,0.021432407833022804,0.012701662612905909
2007-10-12,0.005110744457322874,0.003079498616137988,0.0019709417448620092
2007-10-19,0.015670046547764445,-0.042602130762662616,-0.008247995884172663
2007-10-26,0.012651700939210631,0.026391374920407662,0.01858749691449555
2007-11-02,0.01439147622234212,-0.01575301536078577,-0.0006012203494464964
2007-11-09,0.01569573865561319,-0.04007974122744207,-0.00448548439681489
2007-11-16,-0.02101058325391175,0.004478472782986076,-0.011197106411236257
2007-11-23,0.02399335335978119,-0.011385658183014069,0.008370227287218592
2007-11-30,-0.01543993313970895,0.03142976927830121,0.002409467103239771
2007-12-07,-9.36432332633956e-05,0.015134835517163436,0.0055849362356640946
2007-12-14,-0.004157181691539758,-0.024783191467995014,-0.01576524185043005
2007-12-21,0.012587344935497813,0.01186551410221659,0.018873607410701165
2007-12-28,0.017616387460861038,-0.00560314215054869,0.0040358837740428494
2008-01-04,0.017608771748437963,-0.040665436928075116,-0.007836582443334027
2008-01-11,0.018284076878880402,-0.008208943995898,0.0030218972806084436
2008-01-18,-0.001711551107845045,-0.05772423834078633,-0.018047871958413134
2008-01-25,0.017136850177973187,0.0074211528299097385,0.014399267330724719
2008-02-01,-0.0006669605309065462,0.04915832421801314,0.020677246878919277
2008-02-08,0.0030328023782611796,-0.0466399257475647,-0.01522116443577113
2008-02-15,-0.012104560132548065,0.01555531951125344,-0.0038821435664147643
2008-02-22,0.01925497992567308,0.0035520496227576803,0.009004035030160385
2008-02-29,0.02429928960764796,-0.013272291202945596,0.011289795968987826
2008-03-07,-0.0002331560035783442,-0.03071289763024787,-0.013442179220440243
2008-03-14,0.015478877449354595,-0.0007708722156781755,0.0090211421735799
2008-03-21,-0.03314603674858967,0.024102261941993053,-0.008267983092512357
2008-03-28,0.0035403362982354527,-0.004315416768856051,0.002379015571470266
2008-04-04,-0.004656706677206857,0.04090907069925631,0.013769430810879115
2008-04-11,0.004728866259929998,-0.02564112321667089,-0.008508425111711083
2008-04-18,-0.01065378383970586,0.038237040382327336,0.007695310894177699
2008-04-25,-0.019817763210362865,0.00808739064902797,-0.009110993881054408
2008-05-02,-0.011288709436256495,0.013682245416214656,-0.0012750965147480427
2008-05-09,0.019019928441139512,-0.018444287746785637,0.004946162712678449
2008-05-16,0.006831134952142992,0.02706972719332912,0.014603748787202452
2008-05-23,0.009827343519821835,-0.035187921491663166,-0.00537452267758798
2008-05-30,-0.023630275237437926,0.019688848714290552,-0.003421595240987841
2008-06-06,0.011025192336022343,-0.028928029048316373,-0.0004664866212563891
2008-06-13,-0.025969159530027732,-0.001026846769953016,-0.017292348595246178
2008-06-20,0.017375159352136474,-0.028732148455511197,0.0025832698398588812
2008-06-27,0.01948981043887478,-0.030779658520639908,-0.0011736685005649056
2008-07-04,0.004827505618172673,-0.009566481580757125,-0.006936746326627375
2008-07-11,0.012213898277112556,-0.01955494199536356,0.004712003886704031
2008-07-18,-0.008167691656301806,0.017280237532795617,0.002602339809790145
2008-07-25,-0.013523515730482216,-0.0039686581470050886,-0.0030670968443727857
2008-08-01,-0.0014690391764930815,0.005419045998031891,0.003998198526129148
2008-08-08,-0.02113180410257884,0.025443782715423247,-0.0012952936093767464
2008-08-15,-0.029123957145414294,0.006183920025400358,-0.007496156161668143
2008-08-22,0.017710881103438554,-0.00399499049645724,0.004459763915637604
2008-08-29,0.004686088421010054,-0.0066331866082051105,0.0020414024110798623
2008-09-05,-0.012709402027997925,-0.03393072646769146,-0.01805353066665021
2008-09-12,-0.01840865470415227,0.01342204048207396,-0.005478477572125584
2008-09-19,0.05115381358829673,-0.009925907630685127,0.030568356164924128
2008-09-26,-0.002775295180158377,-0.02634576807060718,-0.01848114531387683
2008-10-03,-0.01789062273253327,-0.08696734733129197,-0.04575682717766421
2008-10-10,-0.030872472420888274,-0.19793344662206036,-0.08889502959203639
2008-10-17,-0.02506662923423685,0.0532205155520189,-0.003948323679552801
2008-10-24,-0.02723389171791531,-0.06619503699987661,-0.04453425858266809
2008-10-31,-0.009475906590732979,0.11247767741433434,0.04043175625808102
2008-11-07,0.01426567302480517,-0.0306727036040777,-0.007581588571471112
2008-11-14,0.007450613099802566,-0.07713601416005045,-0.027922949031584498
2008-11-21,0.02854734129944779,-0.08196725790079507,-0.022631278904284867
2008-11-28,0.02055602115200509,0.1329225086077115,0.06782980767358197
2008-12-05,-0.014322923793199889,-0.02397631093572128,-0.012521062205058242
2008-12-12,0.036519090380219964,0.012055058156381193,0.023936120470068566
2008-12-19,0.026317155587454233,-0.000944781235987513,0.024779157697252918
2008-12-26,0.015955089568299406,-0.011679330868317184,0.0032983709421701584
2009-01-02,-0.008543364277540726,0.06654405005400688,0.015026169297454636
2009-01-09,-0.005784356526199753,-0.04163083790044886,-0.016603103623436803
2009-01-16,-0.006814494878354865,-0.045234966635591456,-0.017913749293944913
2009-01-23,0.01933987978324189,-0.022924603090158868,-0.004962727672228096
2009-01-30,0.009047064443723496,-0.0033693824978771048,0.003967793631859041
2009-02-06,-0.007182542141199301,0.0501027463471988,0.0160562451907287
2009-02-13,0.01515982172636794,-0.04851687491195378,-0.009784394487606155
2009-02-20,0.021587985829954543,-0.0645242476864728,-0.01593182110352691
2009-02-27,-0.0353219667296203,-0.045078408363846245,-0.03819158408481067
2009-03-06,-0.00052670888913034,-0.06776748885536599,-0.03142523466651903
2009-03-13,0.003994803118311174,0.10403397927490077,0.04472860636118196
2009-03-20,0.02628837105533094,0.015364422228949737,0.0226613095366544
2009-03-27,-0.00869585474451602,0.06387693038129805,0.022593977205835537
2009-04-03,-0.017999715758137295,0.03247183111060847,0.00805714317412445
2009-04-10,-0.005221292743984962,0.018394927182123766,0.004976248480440982
2009-04-17,-0.006341628294798463,0.014800097851687122,0.0035742276577526823
2009-04-24,0.021701267760363487,-0.004822895047908338,0.009847669680855087
2009-05-01,-0.019350166858203857,0.014193478981953778,-0.004023400809419409
2009-05-08,0.016927086631317277,0.0579134279216591,0.027838532182007318
2009-05-15,0.01190581042968114,-0.04592414342451945,-0.013100652953589935
2009-05-22,0.005009227290403263,0.003494424521084172,0.002118029601920802
2009-05-29,0.012069874533838898,0.03942945737733039,0.02337745396825515
2009-06-05,-0.021536840288386646,0.021830789217823776,0.002579375231491655
2009-06-12,-0.003875840765836758,0.005605347144459927,-0.0020229561197479206
2009-06-19,-0.023307175486216494,-0.02650465846747918,-0.01162185320543221
2009-06-26,0.00010574568004977365,-0.0021729948786840536,0.005290526401101947
2009-07-03,-0.018611624380425806,-0.02210386805914688,-0.010151285566872814
2009-07-10,-0.020684456675648347,-0.0205986974565594,-0.012001827194475312
2009-07-17,0.059233076206760105,0.07014491375541843,0.029965736911082688
2009-07-24,0.03798533000200971,0.041751185507022726,0.02322753238884885
2009-07-31,0.008285756725570036,0.007648288798847158,0.008125625546878257
2009-08-07,0.01872055965025117,0.02418749381049423,0.004400884293669205
2009-08-14,-0.004298960432379384,-0.004050635951981851,0.00046213950162876617
2009-08-21,0.020459053145370366,0.021628642790861186,0.01434817867295033
2009-08-28,0.0027763640711998324,0.003981806829001178,0.002907261590923138
2009-09-04,-0.006979022272192437,-0.012768366096505779,0.002712225483687548
2009-09-11,0.02646522839650197,0.026552997146958468,0.019955719141446473
2009-09-18,0.02173993415533551,0.023463766790837504,0.010419047697486696
2009-09-25,-0.01997452397976096,-0.021270337520248317,-0.01092517534776918
2009-10-02,-0.015199472262306456,-0.01876499700059986,-0.003987522820227631
2009-10-09,0.04368689708010082,0.04654127481504644,0.02788933758178913
2009-10-16,0.010663195669798398,0.015196682344418067,0.006018738309323269
2009-10-23,-0.009920037219710376,-0.007438845168572961,-0.008156585273674043
2009-10-30,-0.03761627260251073,-0.041821069097799146,-0.019340776056961655
2009-11-06,0.031765880580746614,0.03447277414066785,0.02302504999870656
2009-11-13,0.01873220831571152,0.02324307125512859,0.012778629065157653
2009-11-20,0.002207644478155324,-0.001733654614627933,0.008242833626500534
2009-11-27,0.00018210603257636784,0.0012798749915687857,0.004501543947291031
2009-12-04,0.015036431268548756,0.013142321649543875,0.003916272083944693
2009-12-11,-0.004689944369720123,0.0009008543941331215,-0.010470074083959903
2009-12-18,0.0017888923961959405,-0.002760471967909517,0.0038341258017947416
2009-12-25,0.018253356507352075,0.020597597526748723,0.0048796038861181005
2010-01-01,-0.009402664505830355,-0.00924669794135169,-0.006617952455287179
2010-01-08,0.02784792240610827,0.028087471653585938,0.022045354122431207
2010-01-15,-0.007133320287361377,-0.008117716185112145,-0.0019470846369962218
2010-01-22,-0.03244582296478227,-0.03898264585618216,-0.01899123200977253
2010-01-29,-0.0161846526951947,-0.016665241257636465,-0.010071016214552177
2010-02-05,-0.00792926741376121,-0.006797643536745834,-0.005961532612103704
2010-02-12,0.015012727857453945,0.012938643305689501,0.009361309051875688
2010-02-19,0.025785288706471995,0.028692758857775003,0.015417728048146628
2010-02-26,-0.0023562338129055724,-0.003599288894793218,0.0010403055675850315
2010-03-05,0.03229297753359984,0.031695821764568644,0.020422343694081184
2010-03-12,0.0071988067940528585,0.010591225858687991,0.0007496932046837873
2010-03-19,0.004563333254186286,0.00855340786445824,0.0015707227574129012
2010-03-26,0.004294723707939213,0.00526007655223526,-2.9137310899440892e-05
2010-04-02,0.009826142645256204,0.010464757422031123,0.007720352222678462
2010-04-09,0.01750670408157623,0.01485554143246115,0.015255713200676445
2010-04-16,0.0012424829954191699,-0.0015893530082058405,0.0023556840973715026
2010-04-23,0.021360950007086994,0.020526026705452782,0.01436272190900365
2010-04-30,-0.018255298409588106,-0.024628297144198674,-0.0026007228825985816
2010-05-07,-0.05221998568333265,-0.0635468301970522,-0.021449165600988886
2010-05-14,0.029023750160137876,0.023638151224732118,0.0219844004683182
2010-05-21,-0.041760932044722775,-0.041970090262055226,-0.027423395628820305
2010-05-28,0.008023015709150495,0.002382956703508299,0.009615784185152122
2010-06-04,-0.021256273281428005,-0.023315824282079567,-0.009889435697332227
2010-06-11,0.02088560590304355,0.026774477945973096,0.010235582567132352
2010-06-18,0.022521294210087195,0.02353712690377696,0.016418685814438352
2010-06-25,-0.026607588292456665,-0.03454722010025346,-0.010821670669297402
2010-07-02,-0.049016936625761245,-0.05256315289346103,-0.03064503071185545
2010-07-09,0.04381071352140927,0.05635965623608108,0.020177086874259075
2010-07-16,-0.013965442277042711,-0.01204085239723618,-0.008689588164645268
2010-07-23,0.03315241444018582,0.0351578475380514,0.017841535975513103
2010-07-30,-0.0003754165577374957,-0.0012682640783033827,0.001952816489405329
2010-08-06,0.014793597866186335,0.019225837507742538,0.011700661984600513
2010-08-13,-0.03282024391210799,-0.03630220075195878,-0.015455026540118481
2010-08-20,-0.002938374741736654,-0.007201631786353135,0.0012320945715792674
2010-08-27,-0.0012133215903107617,-0.006230695614855786,0.0022147775780710257
2010-09-03,0.03174771430671027,0.037713142871302674,0.016534224267845232
2010-09-10,0.0009765069176811466,0.0053205117046062345,-0.0018964084047275568
2010-09-17,0.015850047290509674,0.014461590318916473,0.01293795199569461
2010-09-24,0.021263506537099675,0.02071311934259934,0.0181059891000932
2010-10-01,0.003947240574170919,-0.001829350027399923,0.008516819144256905
2010-10-08,0.018066314824116657,0.016840006213681313,0.018395319130314693
2010-10-15,0.00980901835558427,0.009953560173889597,0.005522699625623661
2010-10-22,0.0006993646132133154,0.0055223665411003875,-0.00369818297031479
2010-10-29,0.0026695044964951567,0.0011831630520833247,0.0037903707638220928
2010-11-05,0.03462655318139775,0.03569958077000779,0.02468055031819647
2010-11-12,-0.020367817687039474,-0.020534535403402443,-0.018198162366861517
2010-11-19,-0.0002372700943592598,0.000748700750783371,-0.003865615005597212
2010-11-26,-0.004498776617455203,-0.01238702571064787,0.0015029214905106561
2010-12-03,0.030134789568716187,0.03442791276558399,0.017268379909269372
2010-12-10,0.008994895754514903,0.012938413794953973,-0.005124242127210565
2010-12-17,0.0027707647464647266,0.003805544601439781,0.0024144934604355406
2010-12-24,0.008968372543257979,0.010458598725089807,0.004054667136314484
2010-12-31,0.003243481735439402,0.0011943077382303713,0.007974857998474971
2011-01-07,0.003681113149233661,0.011053652142732018,-0.004330073821662107
2011-01-14,0.014782745539552567,0.016989009854980086,0.0076518877440863615
2011-01-21,-0.014456547695401478,-0.00719289584651861,-0.014543378570263665
2011-01-28,-0.002432858419296479,-0.005063037906878787,0.000842046326713719
2011-02-04,0.021691356446862247,0.026855194780281533,0.0064982462153361665
2011-02-11,0.014781198784337053,0.01494484791056161,0.008716884521161483
2011-02-18,0.01256834412893052,0.010667629912757937,0.012775999638965585
2011-02-25,-0.009583724682339988,-0.01635274825423305,0.0031540481753098873
2011-03-04,0.002695756892640483,0.0010578456736318742,0.003689375485671476
2011-03-11,-0.013058759663658982,-0.012305088901625072,-0.0070936278310127065
2011-03-18,-0.012250374525995134,-0.019298046891241816,-0.0013750776732963656
2011-03-25,0.02336102379342685,0.02770853393697248,0.009062494628300357
2011-04-01,0.014324429695232644,0.014089687292284214,0.00945600144614347
2011-04-08,0.00013262971393056548,-0.0021782194506740904,0.0028889002716951935
2011-04-15,-0.0024822021810397277,-0.006172028998606138,0.0050725023418086495
2011-04-22,0.011277381212147969,0.013178057880957939,0.007034092261834535
2011-04-29,0.021296804403671467,0.019808405392812922,0.02015172048083822
2011-05-06,-0.020980434927341952,-0.016345006958575325,-0.01701341204452174
2011-05-13,-7.445151584598562e-05,-0.0011926982678163167,0.00014253562932902135
2011-05-20,-0.0021742650447698075,-0.003207528164205442,0.0004751601475197157
2011-05-27,0.003830142749832988,-0.0007484393478330853,0.008249889930561572
2011-06-03,-0.019652453241492774,-0.023144791389014152,-0.008517428305352714
2011-06-10,-0.020604787398358748,-0.021622118079053232,-0.012180788755931093
2011-06-17,0.0016223828513609484,0.0006258292530227916,0.00240541092735378
2011-06-24,0.0015216963039462292,-0.0018888690547630427,0.002035771848783185
2011-07-01,0.041559602757767655,0.056068164536726695,0.013558719187376412
2011-07-08,0.010056636258972651,0.003584016188924899,0.015753950047725108
2011-07-15,-0.013366914753161808,-0.020163593477374286,0.0006547396272190038
2011-07-22,0.01665228061779571,0.021945135956316753,0.008159505727142125
2011-07-29,-0.030643963540247975,-0.03900991591847702,-0.008766396822712921
2011-08-05,-0.06104213450671911,-0.07152258277244639,-0.027909869916044477
2011-08-12,-0.006493439611726125,-0.016322398981743702,0.012725415254004526
2011-08-19,-0.03427674002816645,-0.04639346564196012,-0.00801106069771591
2011-08-26,0.03785686507392902,0.04731914974466589,0.01487947059080335
2011-09-02,0.0022235433011223997,-0.0010175880810838756,0.010273654200611949
2011-09-09,-0.013802690964696506,-0.01637677004523952,-0.007995786931882432
2011-09-16,0.0404914727094875,0.05373302186034712,0.013188614058591484
2011-09-23,-0.0649936745405528,-0.0656682296783605,-0.04565975756395067
2011-09-30,-0.0063631387033215355,-0.0034347459048529316,-0.00798139280499579
2011-10-07,0.0003899877305118555,0.02262476313663897,0.008502095095115481
2011-10-14,0.007698877899518031,0.059286103832844494,0.030148285764834727
2011-10-21,-0.006450960693397345,0.011422002338586923,-0.0006369301772365613
2011-10-28,0.027763535311618483,0.037347783327374096,0.034584316632437086
2011-11-04,0.013081051970808022,-0.024261474819895712,0.001097234455405483
2011-11-11,0.005817366490277271,0.009404418511117063,0.0035457477727431686
2011-11-18,-0.015652996621791385,-0.036949605203941305,-0.02078808440152
2011-11-25,-0.010940181503092235,-0.04623683353960939,-0.028136935317646675
2011-12-02,0.06706216539449851,0.07323332731499921,0.043313958725663126
2011-12-09,0.006048816158857539,0.00953045361387761,-0.0012339122356511472
2011-12-16,-0.02911544304583755,-0.029265070507628832,-0.020300554767878155
2011-12-23,0.03108910938063908,0.039476808949619135,0.014081892394039787
2011-12-30,-0.008619194919217265,-0.007041380315133905,-0.0070193894751088065
2012-01-06,0.016835286654684027,0.017609417413442463,0.013283483732801948
2012-01-13,0.011306463900339169,0.008848189210910684,0.010303085576813809
2012-01-20,0.02026799633163439,0.024138628876373414,0.009828816035812961
2012-01-27,0.008655609342883019,-0.0009853489288765838,0.017003735813153554
2012-02-03,0.01950790078852317,0.020634196694688356,0.009900706369473912
2012-02-10,-0.005079303792944701,-0.0013379642514996792,-0.00462519875936358
2012-02-17,0.012799439110935484,0.015257976812686591,0.006156955330487568
2012-02-24,0.005247646148706808,0.0038117388055978196,0.007859998668044477
2012-03-02,-0.007766382758177737,0.0027752185295926157,-0.012979280387577497
2012-03-09,0.004446333937134323,0.0018938414450462293,0.00347735674170131
2012-03-16,0.013570967684710705,0.024313809197853864,-0.0033941879732760855
2012-03-23,-0.0024467680191963435,-0.004633327441291524,0.0006021478069405229
2012-03-30,0.005645711086523231,0.008306785924755866,0.0026340268418429515
2012-04-06,-0.009417979971114532,-0.007244372367706919,-0.008121880086482248
2012-04-13,-0.013297728684326493,-0.018956727035255416,0.0003083146307843801
2012-04-20,0.004526036121900357,0.005906447307499896,0.0016848577324477532
2012-04-27,0.017489218312404343,0.017687122247185494,0.012506196407538896
2012-05-04,-0.023356544230203623,-0.02414667277490634,-0.013974461073736257
2012-05-11,-0.00999201828280416,-0.010145966296283504,-0.008793311896577593
2012-05-18,-0.03509776607780635,-0.043285671857100416,-0.014436539648571101
2012-05-25,0.014668117459754805,0.01819015210099506,0.005810639095729519
2012-06-01,-0.020310557984936473,-0.02982616739223032,-0.00023843882863390162
2012-06-08,0.028937877926745056,0.03854571807711449,0.008865756818586723
2012-06-15,0.010957702061045361,0.013035660773149438,0.009183205093329328
2012-06-22,-0.006629424164467734,-0.005069199916535538,-0.010874120971191515
2012-06-29,0.02021527672399801,0.019780887932581814,0.014913975217871746
2012-07-06,-0.00040807662430203395,-0.004481665802459123,0.0028198240424012425
2012-07-13,3.147533613163662e-05,0.0019185277667743694,0.0010079540867957927
2012-07-20,0.0011338889162022855,0.0053041021672877164,-0.00020525987702602072
2012-07-27,0.012632569134505327,0.016194258589881327,0.006901338799161905
2012-08-03,-4.183309538774481e-05,0.0048314701067566634,-0.0028994972634934337
2012-08-10,0.01031759406115133,0.010691860943565556,0.005653846940719487
2012-08-17,0.008598472016315084,0.009514541464694215,0.000608513323314353
2012-08-24,-0.0006834524405069484,-0.0047123999647081805,0.008056559351834847
2012-08-31,0.0016953211425848494,-0.0024733487349728467,0.006620437207584296
2012-09-07,0.023282127110173266,0.02245684602081255,0.015359146675949955
2012-09-14,0.018954333175507144,0.020162322472399463,0.012232094976490294
2012-09-21,-0.004093025720273624,-0.004016207683112283,-0.0014727392313248046
2012-09-28,-0.011407319588343113,-0.013025589402809845,-0.004717904051428912
2012-10-05,0.0110894704408102,0.01507299748335389,0.0055302513029773515
2012-10-12,-0.01952039164320266,-0.0222386663509323,-0.011851941714281899
2012-10-19,-0.0009434376194882301,0.003498604218802104,-0.006009583091773041
2012-10-26,-0.010750506343940603,-0.014226609366382315,-0.0052534465109802305
2012-11-02,-0.0006441004444778134,0.0014854738571483672,-0.002200433591460294
2012-11-09,-0.014812673107648132,-0.024017692898789633,0.0005434734854722354
2012-11-16,-0.013577721029570434,-0.012956478141282202,-0.009133103512344688
2012-11-23,0.031078976876539655,0.03651859663866919,0.01632338341352706
2012-11-30,0.00603024149891882,0.005659656761186405,0.0038630283251701375
2012-12-07,0.0010952541418424331,0.0018291826871768002,0.000697820160413487
2012-12-14,-0.0020649414229751695,-0.0021768622662299286,-0.0035376687820823484
2012-12-21,0.010740202837834861,0.01198235967167438,0.002585911459011614
2012-12-28,-0.01509094290320515,-0.0193294090764351,-0.006270739425023409
2013-01-04,0.0371040227285391,0.04527656003253466,0.01469036366423142
2013-01-11,0.004009637082347628,0.004782277064114382,0.004056677833432199
2013-01-18,0.009329742884912716,0.008567180458157742,0.0075009061792644886
2013-01-25,0.008774938457477205,0.012944363308351692,0.0003334499380822863
2013-02-01,0.004893857086449172,0.006589029449323158,0.0012151676834401214
2013-02-08,0.003744326451081981,0.0037026158123154573,0.0038276738998170414
2013-02-15,-0.0006455170737683091,0.002041838563706211,-0.006093401853513681
2013-02-22,-0.0038599050317743022,-0.00144607980710032,-0.004032070442091751
2013-03-01,0.0011312697467023348,0.0014481739822531647,0.002954650626716404
2013-03-08,0.018167632856915427,0.021892407252611434,0.005404824820792298
2013-03-15,0.007742985385249245,0.006968110781575332,0.007423449760722268
2013-03-22,-0.0007183635419962031,-0.0014760167481067121,0.002096692379089293
2013-03-29,0.004931892554424578,0.0068761065413935896,0.0026021626899828784
2013-04-05,-0.011389846654479098,-0.009638152917224474,-0.005076220675944622
2013-04-12,0.01222412805193137,0.023460271360606466,-0.0036130438752191903
2013-04-19,-0.025104854822490884,-0.02090704300285251,-0.02322724530397855
2013-04-26,0.020316751012883605,0.017751463678159052,0.01901863219599864
2013-05-03,0.01585028089716505,0.01978022587524375,0.006196772110132498
2013-05-10,0.00948869201649873,0.012641752533133266,0.0005409079107076449
2013-05-17,0.01079074551564752,0.021601540680350473,-0.005895672030749809
2013-05-24,-0.006704914843683696,-0.009763718871917182,-0.0023566616781098386
2013-05-31,-0.007933463732286766,-0.011251823182700793,-0.006729064345880498
2013-06-07,0.004726207799662852,0.008259850442765115,-0.0007649210546335719
2013-06-14,-0.006234168345333924,-0.009830296899094093,-0.002041704022824575
2013-06-21,-0.025887783792504244,-0.02002871450835675,-0.034848148755559125
2013-06-28,0.0034296148007569305,0.008486875827449447,-0.0018918500073867636
2013-07-05,0.013828553788271131,0.01620741132656578,0.0021540325814243255
2013-07-12,0.02882985104632485,0.02754253666423878,0.026376577371003365
2013-07-19,0.011112966553344551,0.009909961253664834,0.011546468026312696
2013-07-26,0.0015760509920714095,-0.0003546373404061942,0.0023101906343740764
2013-08-02,0.0067045517139635415,0.010880263788457523,0.0006470155949732208
2013-08-09,-0.006996465741364155,-0.009592971778421888,-0.0012823003253144448
2013-08-16,-0.014586991312644605,-0.020554529852444436,-0.008535815737140484
2013-08-23,0.0075665064206039915,0.004764488633794972,0.0074920302618300735
2013-08-30,-0.016099656598072866,-0.017825309506414033,-0.008542129063106587
2013-09-06,0.011222757189357934,0.014604366024199456,0.0014450961647411776
2013-09-13,0.012399786861159522,0.019813986897742497,0.0012645714354875045
2013-09-20,0.013066880060014262,0.013123536092722654,0.012986962648636744
2013-09-27,-0.004418558931040617,-0.010602464342224338,0.002531744184820917
2013-10-04,-0.0011116072632644915,-0.00011774561758193247,-0.0028804048302502275
2013-10-11,0.002766539648834293,0.008111425297935515,-0.004267257118958989
2013-10-18,0.024235408573781304,0.024257176254178336,0.01987085551016121
2013-10-25,0.009623543137336588,0.008945698181325401,0.011007759035237718
2013-11-01,-0.00705144348071361,0.0014777124761828908,-0.013328389071676284
2013-11-08,0.0018599591334189864,0.006128720932575771,-0.004651416542158371
2013-11-15,0.0129572583064965,0.015567674838446788,0.008727067410533617
2013-11-22,0.0005889731117124152,0.004221414789721711,-0.005374583921052701
2013-11-29,0.004142046971870761,0.0010503428107926371,0.004051826362345557
2013-12-06,-0.004759710972310316,-0.0003311030228151379,-0.009303468863614751
2013-12-13,-0.012638168206387291,-0.01564069195789919,-0.005381263625341437
2013-12-20,0.018666882327072483,0.024904163366068932,0.005332937510663904
2013-12-27,0.010793536092508913,0.01261288330348842,0.00457723305335418
2014-01-03,-0.0018115251346974002,-0.005221796322457561,0.0029851136631662283
2014-01-10,0.007492133034208991,0.006835010364371286,0.008963241191493498
2014-01-17,-0.00025156129688210785,-0.002715382847353953,0.0017237564109932936
2014-01-24,-0.018147063959406472,-0.025865709243465762,-0.005097602972713067
2014-01-31,-0.005970915977256042,-0.003969198648846928,-0.004730842832452531
2014-02-07,0.004256043584835561,0.008418844387540814,0.00258120630098313
2014-02-14,0.024259560036189398,0.024153873690470284,0.01781488541094527
2014-02-21,0.0026870676154257147,-0.0007066212205029121,0.0032098952694505243
2014-02-28,0.011810446691140642,0.01305149836178221,0.008816779259378207
2014-03-07,0.004287905545962945,0.010574833372862358,0.005056605019371308
2014-03-14,0.003571029686966532,-0.019122357463164597,0.0024377391639736515
2014-03-21,-0.018847866902216053,0.012789747449207134,-0.006125675937370234
2014-03-28,-0.01134029240484944,-0.003813089699514993,-0.012875917315239762
2014-04-04,0.0036810994159950485,0.004906055248048435,0.0030870922621819567
2014-04-11,0.008152191346799165,-0.026234043763641468,-0.006492400404350217
2014-04-18,0.0170758775971829,0.026885580562975075,0.0049501725857022515
2014-04-25,-0.0017370277290867152,-0.0005365314501049046,0.00010284868190761891
2014-05-02,0.006805144422278986,0.009501815066244479,0.004648681591186544
2014-05-09,-0.004627080669884848,-0.000532065075835142,-0.005091116113540828
2014-05-16,0.0005950326029970255,0.00047871547037048323,0.0031905002993616984
2014-05-23,0.011893382741752357,0.01223079296267926,0.0075076637529494245
2014-05-30,0.006010489229622473,0.012240805738249927,-0.0011031908059658813
2014-06-06,0.01292689632349871,0.014012956481055383,0.004524783622414951
2014-06-13,-0.002359645285100642,-0.006397905374255886,0.0022414169694637163
2014-06-20,0.01630085617757765,0.014159646880239851,0.014486853458924243
2014-06-27,0.0005802077119163363,-0.0006118737710395505,0.0029574527421296405
2014-07-04,0.010146238763822884,0.012153715124369802,0.003221248437412227
2014-07-11,-0.010349084877444303,-0.00802218236117247,-0.002660141055825438
2014-07-18,-0.00011065641416189184,0.005594982106338797,-0.004100733201700102
2014-07-25,-0.0011106134964131266,5.027407372604209e-05,-0.0007049714522084029
2014-08-01,-0.022305409792890175,-0.026400469728291687,-0.013476149270355208
2014-08-08,0.006997323615686548,0.0038436929775900186,0.008315768968680937
2014-08-15,0.001454426644733253,0.012833728968134839,0.005591611414042475
2014-08-22,-0.00969330823497977,0.017729379831197045,0.0006803657840034785
2014-08-29,0.004711904573990677,0.007631233071542454,0.006489881525396068
2014-09-05,-0.0067766126568467085,0.0019927758167084253,-0.006119116832659378
2014-09-12,-0.015427849602027383,-0.009845307071529974,-0.014434757826343004
2014-09-19,-0.0005564645780374855,0.012595082624295317,-0.0027597790719085633
2014-09-26,-0.005552954963010032,-0.013950862412669185,-0.00634657298248682
2014-10-03,-0.006756226764659057,-0.006973154035694762,-0.006201567831256205
2014-10-10,-0.002609981467671496,-0.030429251088530007,-0.0047311456459622645
2014-10-17,0.004052983061242011,-0.010863999604839414,0.007252367780705749
2014-10-24,0.01275137152474452,0.04223452661909888,0.011825571660442492
2014-10-31,-0.00042772727874077453,0.026625549937820292,0.004163741930597898
2014-11-07,0.004663616036623697,0.008331015079247495,0.0040604128223090015
2014-11-14,0.003942535153472942,0.004425935017040139,0.0026340737028560657
2014-11-21,0.0055419522194956996,0.01194696896302605,0.0037893314288726778
2014-11-28,-0.008736429846185488,0.002515511063246656,-0.0027957259366568014
2014-12-05,0.0032452642288427593,0.0038611730269049183,0.002788065296348963
2014-12-12,0.015900594938712133,-0.03418275684231431,-0.001664935466631691
2014-12-19,-0.010505014858631657,0.0336993245268451,0.007290593307569737
2014-12-26,-0.002936309805600351,0.009296719355986971,0.0028397944204143987
2015-01-02,0.0025098666285007397,-0.01444035502841412,-0.0026227815214812772
2015-01-09,0.015694139640511036,-0.005743941353157811,0.005463542529644139
2015-01-16,0.021949614502323706,-0.012827560749073208,0.008236852199326019
2015-01-23,0.008021194783681374,0.01656508796659084,0.009763822315620764
2015-01-30,0.002604459716577406,-0.02693083675555641,-0.006049206185153966
2015-02-06,-0.024700165160136824,0.030584142281214532,-0.0021775267184645855
2015-02-13,-0.005722409493239544,0.020578843735999497,0.0025056769368924543
2015-02-20,-0.004955913144609186,0.006960054104379276,-0.0031881698801352167
2015-02-27,0.005412899513081836,-0.002746269552396874,0.0062071856602158755
2015-03-06,-0.02144133137957646,-0.01500031749758024,-0.020191257726427558
2015-03-13,-0.00200396499656037,-0.008048282770466209,0.00022191279837700004
2015-03-20,0.025058432642606324,0.02681482980068073,0.023048644309344727
2015-03-27,-0.016123526154758976,-0.022194975680805418,-0.006315453975519758
2015-04-03,0.005137925188941983,0.0034023776789902094,0.005129110337077859
2015-04-10,0.012417288194348612,0.017438381125667535,0.00543854630072509
2015-04-17,-0.007091761917544659,-0.009950399091035678,-0.00015429224503598076
2015-04-24,0.010404174487459443,0.017792769329470604,-1.107389538903495e-05
2015-05-01,-0.01005941438963089,-0.004393939210096343,-0.012079640924063818
2015-05-08,0.00413917607234916,0.004270915052821067,0.0022907744188409573
2015-05-15,0.007056220408483683,0.0038750820220638804,0.008511282412962284
2015-05-22,0.0008086313952753499,0.002588843072435676,-0.002961760139992542
2015-05-29,-0.0068952743837275565,-0.008686083465669459,-0.0032726595686152216
2015-06-05,-0.0050082661968428414,-0.006488154454929784,-0.009811837487026099
2015-06-12,0.002544382284279112,0.0011437885635134926,0.003361354983130483
2015-06-19,0.011030022963744756,0.008692120369367506,0.012463483667794461
2015-06-26,-0.006908832100388768,-0.0046960264365046855,-0.011167246841756073
2015-07-03,-0.012234100636429235,-0.01196271842727581,-0.006162180262879781
2015-07-10,0.0006633424876340498,0.0008200558920086198,-0.00036391086197671283
2015-07-17,0.01482821633447079,0.02409849288958088,0.0035118869994836604
2015-07-24,-0.021947565274318848,-0.021084376682810158,-0.015387426228701198
2015-07-31,0.009630831155352293,0.012019389628481258,0.006067720134754051
2015-08-07,-0.01272544891473239,-0.01211390709731397,-0.008688356335362402
2015-08-14,0.0068949932094795495,0.007068891006823286,0.005421533382988919
2015-08-21,-0.03720161859856344,-0.055343171263154356,-0.008492198579594358
2015-08-28,0.0025116819928452266,0.007329367065830983,-0.004782211890701316
2015-09-04,-0.006982798591323712,-0.03357090610631186,-0.013403376518683131
2015-09-11,-0.004762975381792156,0.021548556597128732,0.005361222517212827
2015-09-18,0.013634924641138246,-0.001392157783325576,0.007946254098921468
2015-09-25,-0.0018129958680572487,-0.013302473121976188,-0.010997738908860267
2015-10-02,0.0052549818778253885,0.011148525021606792,0.005232044101711075
2015-10-09,0.016539244462795488,0.03246141736448638,0.016875028509787417
2015-10-16,0.007378885710000815,0.009635952284866356,0.005412663984591948
2015-10-23,0.003371394478967515,0.020858525517592374,0.002084698276583286
2015-10-30,-0.006026161063138191,0.0020240503884227934,-0.005817077164208762
2015-11-06,-0.009890895126320604,0.01014784552392145,-0.005703647960961056
2015-11-13,-0.015430878043489582,-0.03570760660357841,-0.01589321754735873
2015-11-20,0.012644180054431808,0.033425865154596224,0.012285719193691548
2015-11-27,-0.0005852408404132593,0.001194285890785407,0.0027063752534812312
2015-12-04,0.0040048998759554585,0.0002862347102092766,0.0008762167319919193
2015-12-11,-0.016152740559365157,-0.0369241943711327,-0.017052035769070287
2015-12-18,-0.005612280811148268,-0.0033163988623835516,-0.005368090904694102
2015-12-25,0.013480779991436626,0.028296952564367928,0.013283619334715425
2016-01-01,-0.008979269192086081,-0.00879978646970292,-0.009010728774075782
2016-01-08,-0.011048134675242283,-0.05861609693036551,-0.014729756093386693
2016-01-15,-0.0124370982220677,-0.021414872303446297,-0.013198263282107405
2016-01-22,0.0025661771221453696,0.014429183030368664,0.006402360686777975
2016-01-29,0.015013710308832796,0.01679636646628091,0.015147006669920814
2016-02-05,0.02077275970999858,-0.029785197339268432,-0.0040231122407617965
2016-02-12,0.023898998705683124,-0.007023550597265449,0.008281933584043855
2016-02-19,-0.002001592597840113,0.028773766823018798,0.011818485837233684
2016-02-26,0.0012468023523028893,0.016093715210706572,0.009543715795986696
2016-03-04,0.010476909243498568,0.027371925727007973,0.018430358477222873
2016-03-11,-0.006302712405983702,0.01162467491315855,-0.0009022418328087592
2016-03-18,0.009078445449794515,0.013188911879823406,0.010255348941535748
2016-03-25,-0.01179870282521277,-0.006165061354030499,-0.011815142023761284
2016-04-01,0.014741329355557064,0.01870841698384229,0.016980962973616266
2016-04-08,-0.0006149081564176262,-0.011695561779725194,-0.0018389829251267641
2016-04-15,0.00554490870823297,0.01603893523896982,0.006986786153250591
2016-04-22,0.00038136895550323056,0.005727502905198634,0.0010744833293553798
2016-04-29,0.009471733094835523,-0.012633327365797697,0.007329307749641446
2016-05-06,-0.0024937110075354874,-0.002956602548043752,-0.0035038949829355737
2016-05-13,-0.0038738642886989084,-0.004666227818219015,-0.0036939817267024784
2016-05-20,-0.005771892885807101,0.0035651094504827174,-0.004761079622987819
2016-05-27,0.002066581163542058,0.023115406072517164,0.004998617951480265
2016-06-03,0.01198822281370231,0.00018998982563478428,0.012098841889113476
2016-06-10,0.007788994272105698,-0.000998282046109189,0.00709809709380238
2016-06-17,-0.0007887622308733909,-0.011786933889035844,-0.002430788469079826
2016-06-24,-0.0007186459658191088,-0.01588208082303666,-0.0012613132724581316
2016-07-01,0.02149799132772089,0.03286746613424696,0.02070891350705284
2016-07-08,0.011662076005832933,0.013004927969995972,0.011518459563835348
2016-07-15,-0.004829569335132662,0.01495440084889088,-0.0029085070391356113
2016-07-22,0.001511033417361457,0.006532650961383002,0.0014939760215910928
2016-07-29,0.008348793344489135,-0.0005523689067626902,0.00827293306219994
2016-08-05,-0.003058133540350255,0.0048822296239454666,-0.002289067583336002
2016-08-12,0.0013873454234085926,0.0012834168894615416,0.001392017055732886
2016-08-19,0.0007874958996251013,0.00036599853191643383,0.0010979295800582324
2016-08-26,-0.006477314862587719,-0.005719670026898216,-0.005182582829444349
2016-09-02,0.0024155189287010112,0.004970340030758136,0.005075710136392165
2016-09-09,-0.003044910806880646,-0.02330894819227336,-0.011393191405406334
2016-09-16,-0.005098794300907628,0.0054752025440418794,-0.0006292356281806465
2016-09-23,0.01311821141618007,0.012279430210975883,0.014621220159467143
2016-09-30,-0.004974083775372895,0.001434938691228016,-0.0023610113610229803
2016-10-07,-0.02380442750978538,-0.005825225801880829,-0.016172280485526283
2016-10-14,-0.003357228238340193,-0.008928336703260542,-0.007485873018735733
2016-10-21,0.008086658476955454,0.004035048777519368,0.006507529104991106
2016-10-28,-0.0009944941514209709,-0.006729403202570872,-0.007360876347855606
2016-11-04,0.010742385008962158,-0.018772906143164403,-0.0013163469279323659
2016-11-11,-0.034296107506437495,0.037736315481700755,0.0069401189936030075
2016-11-18,-0.012304236539399466,0.009611026275214929,-6.174568000529923e-05
2016-11-25,0.009069067548627659,0.013821764562255368,0.0021721927953143533
2016-12-02,-0.010121693309798712,-0.008306265596016438,-0.00719161450507988
2016-12-09,0.0280775088023848,0.031090669966655993,0.013048958089610263
2016-12-16,-0.007191533198573342,-0.000633995965594325,-0.012702980752227956
2016-12-23,0.0035249133055152426,0.0029773049119601325,0.0047208911623009666
2016-12-30,-0.005240779728743261,-0.009658499069667426,0.0024207581349770415
2017-01-06,0.013328658711362896,0.016463381079908412,0.009453116052978673
2017-01-13,0.0029952710682149995,-0.000704334085374958,0.0066074164855758795
2017-01-20,-0.0031442044137772185,-0.001365759948190437,-0.0030291032476286836
2017-01-27,0.007215347605085021,0.00983552455689285,0.002125203059273972
2017-02-03,0.004351696918006703,0.0016158140135857924,0.00620376670881464
2017-02-10,0.008869432239465503,0.009461930533136043,0.007439123507270296
2017-02-17,0.011006079195351204,0.015463588952088436,0.00477914580128349
2017-02-24,0.006039790446227278,0.00701872901487377,0.0072690403648154826
2017-03-03,0.0013058351075569403,0.0070963463125695014,-0.006729482162778933
2017-03-10,-0.008768692579291398,-0.0030615099535210577,-0.011950284746672302
2017-03-17,0.007329884838123524,0.001561368302609889,0.01089468944268317
2017-03-24,-0.01096169467377831,-0.013373917045901629,-0.002095996589376469
2017-03-31,0.009291544916049266,0.008039005708974756,0.006376710507225325
2017-04-07,-0.0035809703435145225,-0.0022908472850585726,-0.001976674495139541
2017-04-14,0.014144156631221436,-0.011436993588256894,0.004371014211492153
2017-04-21,-0.0016895964592677393,0.008946107962079175,0.005594596020513509
2017-04-28,-0.004530527420529906,0.014877088662371696,0.0030795123362519212
2017-05-05,-0.015508182203317745,0.0068041797008848715,-0.007513474127692344
2017-05-12,-0.00015558780113655868,-0.0030037812097361005,-0.0026256589617547066
2017-05-19,0.012890400157665889,-0.002803198665421225,0.004747588685947091
2017-05-26,0.003977816404836876,0.014266870385570396,0.006558040666136167
2017-06-02,0.007624957837584667,0.01017737403263741,0.009747547726236051
2017-06-09,-0.005976503450938509,-0.0031125289216412666,-0.0015911805675373981
2017-06-16,-0.00371164382862631,0.001698009624464314,-0.003676295307060551
2017-06-23,0.002038803185795113,0.0020193915281252472,0.002857380742861748
2017-06-30,-0.010232291558056507,-0.005470272364825002,-0.0071885949831648425
2017-07-07,-0.012639776161475064,0.0012819932525527378,-0.006613767732219845
2017-07-14,0.008980935566354497,0.01424964633372161,0.00944062119602469
2017-07-21,0.012056866614688345,0.005375421248427825,0.008825669945933834
2017-07-28,0.004082332552201484,0.00012164604476572194,0.0011381426268464614
2017-08-04,-0.0021600860070069786,0.0020248943350689164,-0.0029386161238688984
2017-08-11,0.012980159634916544,-0.013297829797914051,-0.00045953155058204784
2017-08-18,-0.0024638464725083133,-0.00577569208130424,-0.00469532236910466
2017-08-25,0.002730656179281632,0.007622211880823793,0.005788585493096576
2017-09-01,0.012384625968636754,0.013411767822741227,0.014084827965934243
2017-09-08,0.010665936682061599,-0.0050837622087201995,0.003724223387918069
2017-09-15,-0.011032183408957424,0.015600288328723178,0.0008907560762364312
2017-09-22,-0.010223128471083092,0.0010029494812184847,-0.0029145082327399984
2017-09-29,-0.007333567763922905,0.007176027265634266,0.002948163709735385
2017-10-06,-0.0020017114650333124,0.012498570352428073,0.003496707846503466
2017-10-13,0.012877765051834189,0.0022802294984851645,0.006776323400394535
2017-10-20,-0.010595022193692006,0.008471997068765669,-0.003854897560909043
2017-10-27,-0.002668030857234993,0.002333799786057078,-0.0012421851194528877
2017-11-03,0.0027412686151669693,0.0028715790885756043,0.0010961043186129339
2017-11-10,-0.0004279019438065022,-0.001392978890177199,-0.0036148933883257024
2017-11-17,0.007561760293479392,-0.00089132956164506,0.006625999436460273
2017-11-24,0.0030084853918333435,0.009695318656185226,0.004651517306289653
2017-12-01,0.0042115616419861005,0.015747376463456364,0.004294682016054653
2017-12-08,-0.00618752755585616,0.00397044267009572,-0.006322610005658346
2017-12-15,0.005354583217960928,0.008896788161294245,0.004805601999797027
2017-12-22,0.0033679048033306066,0.003752494719141186,0.0030166010887761052
2017-12-29,0.006598422964255123,-0.002430226574884009,0.005642118010301256
2018-01-05,0.011293659501156133,0.024582606820171993,0.009614200470554325
2018-01-12,0.00855191423423805,0.01645860867064286,0.0081958982654188
2018-01-19,0.00017251264126565393,0.008958999926518052,-0.0003118594336119605
2018-01-26,0.01068139199105581,0.022003225394619408,0.008534089969693782
2018-02-02,-0.022508056534080476,-0.03883710162363729,-0.022015586092295945
2018-02-09,-0.024148511885825084,-0.05064442505814992,-0.02341979077645824
2018-02-16,0.024180234832113547,0.04439781073797011,0.023072984601418538
2018-02-23,-0.0010114273301391752,0.005858503056078934,-0.00042403464581373083
2018-03-02,-0.008137409284021568,-0.02049473001852331,-0.006728532576823221
2018-03-09,0.015018662051869292,0.03638342276897477,0.015561598902137931
2018-03-16,-0.002609226336712905,-0.012807899473900597,-0.004264249716440904
2018-03-23,0.008554258925957053,-0.058898841019514925,-0.014991638407299269
2018-03-30,-0.002241860971001497,0.019763530592360468,0.0052618351485768326
2018-04-06,0.0012279222568528758,-0.013034159221598784,-0.003574965209284864
2018-04-13,0.003940666064369125,0.020906815660731715,0.010398507707057547
2018-04-20,-0.006865440068863615,0.005506590644917431,-0.0013668285620993981
2018-04-27,-0.0032085343331392014,-0.0001876901796002972,-0.0026396159622452233
2018-05-04,-0.0022731975574038724,-0.0020258538963808803,2.484719680120309e-05
2018-05-11,0.0020154882950281228,0.025674978078583655,0.010646048426407395
2018-05-18,-0.012102831916187301,-0.005570975817822399,-0.005286920842316167
2018-05-25,0.0075365513545216254,0.0030220147541419884,0.0051114202298047084
2018-06-01,-0.0005964305209829603,0.00532796537517255,0.0035825094934805127
2018-06-08,0.0017331775912785231,0.01677642579739369,0.006919181367064398
2018-06-15,-0.004663717141694279,0.0006629641804445363,-0.0004935837140094932
2018-06-22,-0.0021888647970408075,-0.008624361627343924,-0.0022401145066337507
2018-06-29,-0.0040265893375785455,-0.012593556324752342,-0.008534300752504498
2018-07-06,0.0035907086134787216,0.015260934749520727,0.01120372319453926
2018-07-13,-0.0037813768553538077,0.015140388528950277,-0.00032723285473379416
2018-07-20,-0.00633433415954347,0.00032198446211317844,-0.002526340986376119
2018-07-27,-0.004384495529899075,0.006221574595250301,-0.005406923920632112
2018-08-03,-0.002047923891541981,0.00774670333100369,0.0018522995621382378
2018-08-10,0.0021610078827231757,-0.0015520020705483972,0.002835378653023324
2018-08-17,-0.008122522159524382,0.006710117019700812,-0.0018177437681690996
2018-08-24,0.010130811628039627,0.008594900841658593,0.01100427467427476
2018-08-31,0.0005272146979768082,0.009738721727976962,0.0011847720030168543
2018-09-07,-0.006465130095874261,-0.009334521368708604,-0.007058366432076468
2018-09-14,0.002064616678834957,0.011404456024990184,0.0013027017568649545
2018-09-21,0.0017210135605478126,0.008360229023991028,2.8418987111900138e-05
2018-09-28,-0.003358955422751447,-0.004349876287975896,-0.0034119666411987605
2018-10-05,-0.008641182248277524,-0.009974929353423145,-0.012461089230287058
2018-10-12,-0.013146699273593031,-0.04124106013735385,-0.014856379795832922
2018-10-19,0.0010097887527026673,0.0010868996990700541,0.00024192195361794067
2018-10-26,0.0039931396067518785,-0.039529250997787924,-0.011436091235242208
2018-11-02,-0.004563371076138379,0.02472357287266025,0.009647934542072866
2018-11-09,-0.004953399103353396,0.021589872172327773,0.0017478288149224593
2018-11-16,0.007750813839309251,-0.01450868440535602,-0.00048075515766552454
2018-11-23,-0.001874688880393438,-0.038285869039133225,-0.013179490571242658
2018-11-30,0.003824922442155576,0.04710341283716657,0.01704594228484706
2018-12-07,0.011950300465182145,-0.04382383528538847,-0.011862891598792214
2018-12-14,-0.006588474630033358,-0.011761672708323845,-0.0107402351578191
2018-12-21,0.005401514465887725,-0.07050474424441111,-0.0258010334836561
2018-12-28,0.011658745133612836,0.029289470669074502,0.018414867659212054
2019-01-04,0.0054048194395291405,0.018728632327498662,0.013234594439193613
2019-01-11,0.002239274314248885,0.02611062435043965,0.015162802022985611
2019-01-18,-0.004450315452579656,0.02888220020172927,0.0071943020802601974
2019-01-25,0.006977552625522377,-0.002552029933261535,0.0032081145401424926
2019-02-01,0.0098362433567879,0.01610368970262077,0.011153046789447797
2019-02-08,0.0007947028897801079,0.00151823982456456,0.0018604100885668997
2019-02-15,0.0028686590846596196,0.025510787850729688,0.014373554727677764
2019-02-22,0.003924500831892153,0.006381649271322676,0.005897085610782948
2019-03-01,-0.014997425348375238,0.004585688451475223,-0.007370894896898484
2019-03-08,0.006968109472019174,-0.02125424463024317,-0.007565043944811478
2019-03-15,0.004426724537520754,0.029472984729670637,0.012111370211327355
2019-03-22,0.008597735250004058,-0.007323035277967849,-0.0018721743108611733
2019-03-29,-0.004571315889324534,0.011567311928973867,0.004605196715084948
2019-04-05,-0.0020501733576242295,0.02155867680225687,0.007714670822186775
2019-04-12,-0.0016548327157988095,0.005509985653023408,0.0002605216792007425
2019-04-19,-0.004452991335446277,-0.000482539270383775,-0.004808044346157714
2019-04-26,0.007341231878300292,0.011688858264124802,0.009901793787447934
2019-05-03,-0.004043026451538823,0.0021130254434773565,0.000753860592514122
2019-05-10,-0.00585154447909495,-0.020168003519160815,-0.005725398482327738
2019-05-17,-0.004878772299219814,-0.007844622547871993,-0.00607182705808671
2019-05-24,-0.0015045470340785737,-0.01070519712751894,-0.0018773021726632426
2019-05-31,-0.002393508537991784,-0.026557763040270244,-0.003246993854021674
2019-06-07,0.014681234303284576,0.04497411782688321,0.022988676900018535
2019-06-14,-0.0014133265169745612,0.00559721135779534,0.0009136861321411782
2019-06-21,0.02107545905912196,0.021329876067805564,0.01869519776703199
2019-06-28,0.00521060233005547,-0.0034016897333299934,0.004353367340845038
2019-07-05,0.002928606705434872,0.018635022594060136,0.002822574565801839
2019-07-12,0.0037173703014170664,0.007337773431207895,0.002172362656665583
2019-07-19,-0.0016115871896900114,-0.011575009820116056,-0.0020988394876161783
2019-07-26,0.004899708111038504,0.01628723583598024,0.0056728174507322034
2019-08-02,0.011339527174189103,-0.031091860351021294,-0.003938130931440775
2019-08-09,0.020597694080937295,-0.003417386619771201,0.008267551047244016
2019-08-16,0.00924756819842763,-0.009498767062000701,0.0014166421299835364
2019-08-23,0.003991968601007101,-0.013847959331948712,-0.004556229349191398
2019-08-30,0.001350105129935064,0.026680689201429297,0.010307371533164012
2019-09-06,-0.0058392405938182575,0.019148467455144536,0.0014919338246335958
2019-09-13,-0.016775128605440885,0.010200099629037895,0.0006180557404165113
2019-09-20,0.014757104317541937,-0.004758272138993158,0.005713686175617317
2019-09-27,-0.013385133817716537,-0.00965519739770937,-0.009222577847623016
2019-10-04,-0.00304153925922368,-0.003554722170817315,0.0024812280975854643
2019-10-11,0.002627541666368621,0.006557131466182087,-0.005624582167932735
2019-10-18,0.00707214454872015,0.005703893845663943,0.005579688314757058
2019-10-25,0.002428016023249603,0.012182348939774101,0.0071598203845735005
2019-11-01,0.004892801062710139,0.015053280088479282,0.009473449790185563
2019-11-08,-0.020503735207524743,0.009146086136779585,-0.008673849431648551
2019-11-15,0.0059907680862381855,0.009224824701174805,0.005010089326205303
2019-11-22,-0.0037994353860018692,-0.002661805507271353,-1.907360830941693e-05
2019-11-29,0.01093311931576954,0.010772980157950363,0.006395377126426216
2019-12-06,0.002091960900133088,0.0017818407272054415,0.0009017476640972521
2019-12-13,0.006552703595081244,0.007780901445041399,0.005135317819682683
2019-12-20,0.013372662158604238,0.015715663092478183,0.006305242047002779
2019-12-27,0.006077791527359988,0.006641082713881419,0.006070231333201526
2020-01-03,0.0015572889257855717,-0.0013941521116248579,0.0069766999067068635
2020-01-10,0.0062891323127352294,0.010235673314818783,0.002070574296887662
2020-01-17,0.016299051095525777,0.019158492066405186,0.008286457534464152
2020-01-24,-0.008292557508297892,-0.009580250391078904,-0.0009440667839221821
2020-01-31,-0.01660911142511534,-0.021413035242084044,-0.0035213774774399244
2020-02-07,0.023452330789343574,0.032542652880791056,0.008019424537113417
2020-02-14,0.014273987410479593,0.016255540976309657,0.008706792036834223
2020-02-21,-0.0037519528733669593,-0.012203896479004217,0.0070480136749688565
2020-02-28,-0.09424565553738619,-0.1116106195080182,-0.04869037333348326
2020-03-06,0.008418165382070898,0.004050412040997875,0.02031554410513188
2020-03-13,-0.06723749614091806,-0.09460098450495891,-0.09037294314807716
2020-03-20,-0.007734912913706671,-0.14545749423989274,-0.0576666038104137
2020-03-27,0.05414470567719778,0.10760491456135268,0.07238748658543522
2020-04-03,0.005380678308267767,-0.020637674286535845,-0.013785981084817725
2020-04-10,0.019873968474126227,0.12091531113419562,0.06733201814812383
2020-04-17,0.0012605530870771595,0.030338165058296118,0.0030085555845223767
2020-04-24,0.01388361339887243,-0.012804017379023369,0.006423641536342428
2020-05-01,-0.009611587954016,-0.0006358863269891879,-0.0011216182016325687
2020-05-08,0.0036703416423783056,0.03412397764951791,0.019513731350192257
2020-05-15,0.009044593038149014,-0.021063737712838537,-0.009898687766974602
2020-05-22,-2.077480540368942e-05,0.03199666668290191,0.021338861262119545
2020-05-29,0.0011207218415302256,0.030056667165215822,0.011852031804720452
2020-06-05,-0.016639017944206237,0.04935572875371075,0.015109438496666948
2020-06-12,0.015469773893918471,-0.047378632136896526,-0.015107756732348633
2020-06-19,0.006226690972020388,0.019027047390226537,0.011559716806812314
2020-06-26,0.006871910003275434,-0.027831981729927402,-0.007061412233198451
2020-07-03,0.031594228486962,0.0405933647499408,0.017387735682578565
2020-07-10,0.010259757534918888,0.017166744986681026,0.0052177143555030454
2020-07-17,0.016165457762029132,0.013004075891957179,0.012534869061424292
2020-07-24,0.0031012389272063734,-0.0026108045720517614,0.010149067737993556
2020-07-31,0.01666088647115289,0.017576457155995096,0.015185990427738761
2020-08-07,0.029704799628950437,0.02465405586085012,0.02290613543086062
2020-08-14,0.00011723162119343608,0.006784615071517397,-0.009323534128383248
2020-08-21,0.001853363732249713,0.007837920344356375,0.00020103635065431584
2020-08-28,0.024001466092553055,0.03269713620744641,0.011738586474999148
2020-09-04,-0.020681234773404493,-0.022847980854075023,-0.012979652776181539
2020-09-11,-0.018923242147557306,-0.024841760594955686,-0.007600470293767558
2020-09-18,0.0020763319295964977,-0.0062456365734694375,0.004569026505906604
2020-09-25,-0.0161088287285762,-0.005806774912573753,-0.0178976702165216
2020-10-02,0.02008887419967708,0.01554466309047342,0.015649872387805776
2020-10-09,0.03748169034805461,0.0389709196085799,0.02268007184744074
2020-10-16,-0.0010694378085003844,0.0012686396103911424,-0.0027077498248485377
2020-10-23,-0.0020837966183873346,-0.004347969928318762,-0.0018119213230560986
2020-10-30,-0.047370676860456436,-0.05564231223378335,-0.027617372153443353
2020-11-06,0.061378427065246655,0.07233405506246138,0.03717467029315276
2020-11-13,0.02230244331024654,0.02267531270692813,0.009677305930262656
2020-11-20,-0.0004477332458070358,-0.0077352003697200855,0.003053134293252979
2020-11-27,0.017497423367516404,0.023471275362313415,0.0041234559813019475
2020-12-04,0.016615114512003027,0.016993267617848362,0.011211659548905174
2020-12-11,-0.0028194128072012046,-0.009598526943489616,0.002946718782194746
2020-12-18,0.015415978701056038,0.012158545885294414,0.012522453760077146
2020-12-25,0.0035802238799911294,-0.00048757847007629973,0.004222997297316922
2021-01-01,0.006330024735254592,0.01322514371081196,0.002839151345005764
2021-01-08,0.019873439254765125,0.01973888642606436,0.006014370851101193
2021-01-15,-0.006868811579164258,-0.014583143634498086,-0.0015945694507935705
2021-01-22,0.017409175826288835,0.019110922911930617,0.012255773290907167
2021-01-29,-0.0294859762414601,-0.03345695242898039,-0.016510778139261006
2021-02-05,0.042214554724202366,0.04766661635188041,0.020271493744654555
2021-02-12,0.013169190409681609,0.0127156151504777,0.008479784455622008
2021-02-19,-0.009178254655231154,-0.006647340859104789,-0.012311749599206112
2021-02-26,-0.024466063941692845,-0.024792812589013336,-0.018761825979583403
2021-03-05,0.002179190544151427,0.008597218108041371,-0.005247825076655422
2021-03-12,0.03205350841488552,0.027187264341394846,0.02168389743417869
2021-03-19,-0.010066381386703061,-0.008385177080671213,-0.0069041662539003346
2021-03-26,0.004883603167580029,0.016689094072621202,-0.0003176147303058266
2021-04-02,0.009559654669327771,0.011692258842880943,0.004323451518288679
2021-04-09,0.016094123763440875,0.0271585252561668,0.006118975429477725
2021-04-16,0.012896902382505482,0.014022496756077363,0.01141227849623987
2021-04-23,0.00044174060386288356,-0.0012464231016381389,0.001484438880673955
2021-04-30,-0.0005099231837199293,0.001343789999000311,-0.0017943779430664277
2021-05-07,0.011718363979846791,0.011550293296784808,0.012969536156370864
2021-05-14,-0.011267356574050768,-0.013124050952725952,-0.005845553340626863
2021-05-21,-0.0015145314639616824,-0.0039369915075531114,0.0015740701852123176
2021-05-28,0.01399184434669366,0.012291152113903747,0.011184368705680648
2021-06-04,0.005008097256515531,0.006094488294329015,0.002936962150561007
2021-06-11,0.006154918145816068,0.004046601834853281,0.005056167137072997
2021-06-18,-0.02599260238730377,-0.01893098709716423,-0.025237828388105864
2021-06-25,0.026925549129132215,0.02817378775578061,0.016290380122407758
2021-07-02,0.008597531869149933,0.016666685752085852,0.0048648851910315875
2021-07-09,0.001505867295640062,0.004149933447580523,0.0019545404626335468
2021-07-16,-0.015083961874260466,-0.009597618650929785,-0.009163363932413704
2021-07-23,0.01610016466796562,0.019937870363749832,0.008700810559918983
2021-07-30,0.0007353022401049296,-0.0032504448189465407,0.00449768721245265
2021-08-06,0.00393494542790499,0.0090761584050143,-0.0044787056281816225
2021-08-13,0.003908170799537314,0.007751607061132759,0.0025234732962235553
2021-08-20,-0.008421163372032336,-0.005740977160252125,-0.006205438799141816
2021-08-27,0.02184769958387245,0.015540373524009388,0.018697527563846707
2021-09-03,0.0054349708784456946,0.006285483604150821,0.002781906428899128
2021-09-10,-0.01782274477133668,-0.01686227206076696,-0.012970352564231069
2021-09-17,-0.005112211241832742,-0.005895073568877418,-0.005728699660918069
2021-09-24,0.003567953822357289,0.005686293329449921,-0.0010235645171038808
2021-10-01,-0.01281347945566133,-0.021783812613679454,-0.0028380886634479458
2021-10-08,0.0036313335706843913,0.00833657296650725,-0.0014882313600488083
2021-10-15,0.015252495860929225,0.018293739911962925,0.00973013482715106
2021-10-22,0.013033429420078202,0.016260156090101008,0.007413909042466749
2021-10-29,0.008271342141859282,0.013528431314108635,0.002969396323223861
2021-11-05,0.027048960220447338,0.020206777813028154,0.02371002189292324
2021-11-12,-0.00099159949707992,-0.0026891866095676287,0.002252959578757441
2021-11-19,-0.004558560570769139,0.003466858568983655,-0.0067664505501452196
2021-11-26,-0.024486578287147256,-0.02115612641790321,-0.019281991546331055
2021-12-03,-0.01419969491304065,-0.012092360541468783,-0.008015707397545136
2021-12-10,0.02685518115227965,0.038198557866828464,0.008912595019570448
2021-12-17,-0.014428333820834282,-0.019659149638194262,-0.004696693964317268
2021-12-24,0.02094287942061846,0.023332675354889698,0.011801893019333563
2021-12-31,0.007345141123027255,0.009264423894568052,0.005535524277972615
2022-01-07,-0.020950810777571067,-0.01867514451827701,-0.02175436314199941
2022-01-14,-0.0024458656515724485,-0.0029392975503632623,-0.0007187067092951248
2022-01-21,-0.04968503399518817,-0.05753998419511186,-0.025335693639961177
2022-01-28,0.001285523519811715,0.00906445007180956,-0.004835606066308707
2022-02-04,0.012125846475898334,0.015273117012670312,0.0031775074111803255
2022-02-11,-0.005033098742370429,-0.01836420036806119,0.005332522357247305
2022-02-18,-0.00840687722057537,-0.01414427219332659,-0.0006279812998263743
2022-02-25,0.007768576777863401,0.008106127193916235,0.004770070193151122
2022-03-04,-0.005162987785916584,-0.012746857478835305,0.010692089079356105
2022-03-11,-0.018799694283656236,-0.027998186691706395,-0.009309088689862821
2022-03-18,0.043115740924622586,0.061491969952976344,0.011291385579536708
2022-03-25,0.009957603575270039,0.018379358088234987,-0.0018835147374351323
2022-04-01,3.134282724783768e-05,0.0005081648694005292,-0.0020553054419391926
2022-04-08,-0.012740599990612838,-0.011812374839040629,-0.01657431754090628
2022-04-15,-0.00439457040372645,-0.02185109349861336,-0.002555789847029067
2022-04-22,-0.017346208769501343,-0.026839341855709686,-0.01669675213581432
2022-04-29,-0.01888132336199313,-0.032954703387533923,-0.018804434414381777
2022-05-06,-0.009411479879913448,-0.0016021022161096798,-0.010923982483667417
2022-05-13,-0.015255058876891252,-0.02338704954274229,-0.013272512996423715
2022-05-20,-0.003088891329240351,-0.030095461504311416,-0.002202994404622749
2022-05-27,0.030093861960791092,0.06578059208285492,0.03034433245563908
2022-06-03,-0.007538458870113301,-0.01136657342987546,-0.006676373924900837
2022-06-10,-0.0218349832527508,-0.05051886837659425,-0.02218517604365231
2022-06-17,-0.03335104926169665,-0.05736162377193754,-0.03515285690426729
2022-06-24,0.02696157594228859,0.06620003426542787,0.02699501804966265
2022-07-01,-0.0066646056696056605,-0.02266207494254857,-0.005848186863084437
2022-07-08,-0.006208164185315207,0.019489046871131954,-0.004650854708046071
2022-07-15,-0.005274003320659548,-0.009107761880582044,-0.004284515195086191
2022-07-22,0.018652959982723115,0.02586116617795775,0.01982537214719318
2022-07-29,0.017672551391639417,0.04277528574807343,0.027239168825280213
2022-08-05,-0.0050075917528989485,0.0035922940697490358,2.596639437326678e-05
2022-08-12,0.008818313444422798,0.03296499579218848,0.02044603284989615
2022-08-19,-0.01637526630349482,-0.011613238017697203,-0.016521385514722153
2022-08-26,-0.005543247860532369,-0.03986840456779073,-0.01573230235008949
2022-09-02,-0.015567668520346712,-0.03224695227047958,-0.024668682296227425
2022-09-09,-0.0018673622659018392,0.036610315353733824,0.012390242881473544
2022-09-16,-0.018543518174925465,-0.047850871616184065,-0.028072802396281474
2022-09-23,-0.020124748289984347,-0.045673779760268096,-0.033525533653998976
2022-09-30,-0.005833048567767757,-0.02927035997539973,-0.012145818383542253
2022-10-07,0.00871507911447559,0.015706264383829494,0.011712891962763329
2022-10-14,-0.015660763641018868,-0.014222935890126132,-0.01282014375039613
2022-10-21,0.0009094637610316373,0.04658439913067003,0.014808897552467705
2022-10-28,0.007746448343210332,0.039354446171422364,0.02464792055944498
2022-11-04,0.00034518728903101337,-0.03256903254149324,-0.011906163920376155
2022-11-11,0.03587103911863824,0.05888135211554846,0.04003527968171379
2022-11-18,-0.006587313866297096,-0.006223099401548193,-0.00845692209126967
2022-11-25,0.008401199910767765,0.015907885319681014,0.010566337716364949
2022-12-02,0.022541480313739693,0.011383793655694197,0.018818659822115925
2022-12-09,-0.008647039395074052,-0.033496546909383085,-0.021826463773334793
2022-12-16,6.362259216914916e-05,-0.02097731958595228,-0.00735849423734083
2022-12-23,-0.006088991129135174,-0.0009393134880067988,-0.004582223482461445
2022-12-30,0.0014758156828192544,-0.0012536232155156979,-0.00036085478110459146
2023-01-06,0.021908228130115347,0.014774096215047772,0.01961911606387412
2023-01-13,0.015456827759076997,0.026850049558103217,0.02359050256218551
2023-01-20,0.0025121392104534845,-0.006574579469683095,-0.0016199258181111228
2023-01-27,0.0017552653843120993,0.024754815989562973,0.010379424700556061
2023-02-03,-0.014796660645856908,0.016441577333638824,0.00255167824298015
2023-02-10,-0.00696760997661271,-0.010452298332171761,-0.013294035050196043
2023-02-17,-0.007176665430323287,-0.00191164715282921,-0.0014030821671507264
2023-02-24,-0.013594952636952951,-0.026715126638375164,-0.018479077930899958
2023-03-03,0.014365783887857553,0.019703382718147422,0.01593099517721845
2023-03-10,0.007933171906209685,-0.04522634912318868,-0.018757598236151196
2023-03-17,0.03067154237363807,0.014429281178944597,0.013600792214216284
2023-03-24,0.005327409166766694,0.014769759557477169,0.007844053338908096
2023-03-31,-0.0007296321328235877,0.03446612394156223,0.013215634528453158
2023-04-07,0.01416486101947254,-0.0004884876944635241,0.003426807250480324
2023-04-14,-0.007483457514268188,0.007991289416259484,-0.0009900813524919448
2023-04-21,-0.0058493416130893875,-0.0006302458820078849,-0.0020903912693740257
2023-04-28,0.006179367613394493,0.009048812579445897,0.0029040925354887562
2023-05-05,-0.005499964877360973,-0.007933847195365606,0.0011442378389117992
2023-05-12,-0.004116735493387025,-0.0025204826199677344,-0.004278220055527715
2023-05-19,0.011039925713050602,0.017080113867425695,-0.0017991138410837992
2023-05-26,-5.083545203848371e-05,0.003344323505914071,-0.00473463271532606
2023-06-02,0.018440541964959135,0.018808820980059204,0.01224464851272886
2023-06-09,0.006965500228935539,0.004626807976797265,0.004978344686883718
2023-06-16,0.016440858059403415,0.02603487998791376,0.005986260998725524
2023-06-23,-0.016023319880266437,-0.014221977071364966,-0.011699851538631956
2023-06-30,0.008576989419805786,0.02324506217013922,0.010618187983615069
2023-07-07,-0.00951217753113115,-0.010670430845089118,-0.010506884375059046
2023-07-14,0.02085273572026427,0.024467123603981067,0.02192203890668112
2023-07-21,0.004985260315749185,0.006454706748053374,0.005886928945142711
2023-07-28,0.0013491074440699967,0.010482629859864367,0.0011786678664397645
2023-08-04,-0.011388691410195523,-0.02212653217953009,-0.01007277119947414
2023-08-11,-0.008903860874776692,-0.0025961134033362088,-0.009882633526475362
2023-08-18,-0.014807260950395923,-0.020531930559012812,-0.015770095932286267
2023-08-25,0.004786434929061879,0.007949642756115427,0.004356435051811692
2023-09-01,0.024474954951815828,0.025501618020719263,0.016655517821072285
2023-09-08,-0.01606053547376456,-0.012566605572532863,-0.012554636442334122
2023-09-15,-0.0013661440792304969,-0.001315396062719132,-0.0018513789251657586
2023-09-22,-0.02550965264882669,-0.029208257149406447,-0.015415996961735613
2023-09-29,-0.007984059948054022,-0.006830600593248359,-0.011935594489207935
2023-10-06,-0.0037526828150058313,0.004819018706969658,-0.010874433121545235
2023-10-13,0.006355640070485891,0.004563111770437445,0.014091619706410041
2023-10-20,0.0002027553106838569,-0.023893449587552462,-0.009377615747133316
2023-10-27,0.0072991760680166775,-0.0249531420783613,-0.005182081850519494
2023-11-03,0.009598822065688961,0.058464063433988356,0.0322491830944093
2023-11-10,-0.013660437505774515,0.013618773709922483,-0.011290682898730944
2023-11-17,0.01684452308942215,0.02310439049445412,0.024655983351416166
2023-11-24,0.003087901879656541,0.010004737454040624,0.004141450159484728
2023-12-01,0.024622509289610597,0.008346066952339637,0.022182376097837554
2023-12-08,-0.013389959411251318,0.0023960763024699627,-0.004265041025389139
2023-12-15,0.01662190438967659,0.0239739558087515,0.026228312123966903
2023-12-22,0.00759221916297111,0.009204579506471244,0.010621236294128988
2023-12-29,0.0028539278005084157,0.0035047611431033854,0.001428827151274592
2024-01-05,-0.009559135625689446,-0.015547618325062573,-0.015986243868839557
2024-01-12,0.006917063707108495,0.018721026297011223,0.00790253680081554
2024-01-19,-0.008957536617707918,0.012062617463659775,-0.004401905028709963
2024-01-26,-0.00205620077167466,0.010322667450119782,0.004275351812790196
2024-02-02,0.007402651602297783,0.014238701188964642,0.005219966536908505
2024-02-09,-0.006373704358967586,0.013856567849761081,0.003280314225705295
2024-02-16,-0.005636134220982308,-0.0033719223817815225,-0.0015972478634692644
2024-02-23,0.006830515320237829,0.01669630860696869,0.004784087175717322
2024-03-01,0.013612201021065728,0.009845368482447103,0.015492230601031842
2024-03-08,0.0032812000009637484,-0.0022033037633479857,0.012170601718349338
2024-03-15,-0.007004740337378801,-0.0005978325811403229,-0.011977111558814691
2024-03-22,0.017794224084478026,0.022321152105983844,0.01200079910735963
2024-03-29,0.010034718398513932,0.003568593831286826,0.01162536014212421
2024-04-05,-0.007298934100681942,-0.008870755968510613,-0.002147732503629941
2024-04-12,-0.014278545854551811,-0.01462105550176307,-0.009670836681708208
2024-04-19,-0.02257479980743388,-0.030713466344205687,-0.00978744089635648
2024-04-26,0.019147543355922142,0.026456088002531297,0.006161127415731714
2024-05-03,0.006538834917339776,0.0059615092468956465,0.0057113078851092295
2024-05-10,0.01637261312366005,0.018678277401827703,0.011836186704721953
2024-05-17,0.016451810936745248,0.01653078571197919,0.013841553405551866
2024-05-24,-0.006198418580151117,-1.8539485325042016e-05,-0.01021916697444001
2024-05-31,-0.0023360666721788208,-0.003910132607012895,-0.0007187185704708999
2024-06-07,-0.0017101450813022225,0.012591013572621046,-0.004294586426721159
2024-06-14,0.013606992666212025,0.016422930801337055,0.010437648887612139
2024-06-21,0.00130918332341598,0.006423452570625043,0.00176766669827626
2024-06-28,-0.00047238133444822987,-0.0005325388931934905,0.0006736833732257751
2024-07-05,0.014289632439219779,0.01914668906208905,0.010320959324130019
2024-07-12,0.013833829552890331,0.00964590772522067,0.018713230205506325
2024-07-19,-0.006761711824515877,-0.019643129795628433,-0.0028451878602860246
2024-07-26,0.0007118760329711152,-0.008288078967643053,0.005234089621810622
2024-08-02,0.00041228648489021174,-0.02119589522618759,-0.004686890725603578
2024-08-09,-0.004729402280129707,0.0001688672817770076,-0.005966958855890181
2024-08-16,0.024357629686423264,0.04000075766982847,0.021764958289298565
2024-08-23,0.010763780107187326,0.014107587868027682,0.013458083954067756
2024-08-30,-0.002253838883838244,0.0027573888086731557,-0.002736983277364735
2024-09-06,-0.014502324682723732,-0.041371254836926497,-0.015458270380027785
2024-09-13,0.027400060534688,0.04006609773011638,0.02637740721546189
2024-09-20,0.009363723395108136,0.014204272647696303,0.009439628731856754
2024-09-27,0.004305508520415275,0.005666554307922844,0.0029339568955182083
2024-10-04,-0.004489222429648243,0.002642385781366219,-0.005750415861086867
2024-10-11,0.003756726480384942,0.011518545216706366,0.0035128984866897644
2024-10-18,0.010486934549531469,0.008644434608568119,0.010370368562398992
2024-10-25,-0.007488249128669688,-0.009494009226189148,-0.010440910595289335
2024-11-01,-0.0074859137697755596,-0.013815924300185523,-0.006090030533050484
2024-11-08,0.020797267531634314,0.04754490324773486,0.026052311519629147
2024-11-15,-0.025463063406029184,-0.02079609679939165,-0.025358391231717306
2024-11-22,0.024879454160746217,0.0166622259803062,0.0247363446061434
2024-11-29,0.0011794763551869474,0.011822040188989913,0.006793557568401276
2024-12-06,-0.002088746580786094,0.008729500953664537,-0.0015721637285309507
2024-12-13,-0.005477253384444696,-0.005922801092502983,-0.010233147834253442
2024-12-20,-0.00949060261126642,-0.018322079461006946,-0.01812005694738235
2024-12-27,-0.002945876054730323,0.006529440458921121,-0.0003125151850979611
2025-01-03,0.004367651899948433,-0.005142753611650619,0.0033496541669957745
2025-01-10,0.0028386141131230007,-0.019359756464314093,-0.009483747935217423
2025-01-17,0.00911870819711904,0.029440769385439935,0.018962633291650287
2025-01-24,0.01175516400318718,0.017386618974370327,0.011971239895982855
2025-01-31,0.007181421288557627,-0.010115445775134346,0.0005900597482562551
2025-02-07,0.010515123309622388,-0.0017446855357883262,0.00505127956778908
2025-02-14,0.005337484971435303,0.0148641457522376,0.005457630480528497
2025-02-21,0.007851398370549167,-0.016007837920704482,-0.005683703476779801
2025-02-28,-0.0031030338845497614,-0.009601018405865358,-0.004287449002311461
2025-03-07,0.0021812670291767753,-0.03073132173352111,-0.013336287598944254
2025-03-14,0.009265519728424754,-0.022763583770779583,-0.002302190768732549
2025-03-21,0.008246097903880145,0.005093281289315188,0.007104211895367385
2025-03-28,0.00873260304474277,-0.014752302632263126,-0.0010817381493827272
2025-04-04,-0.003540773997810577,-0.09066696975241961,-0.03547091153174489
2025-04-11,0.013455628464913296,0.05672095751551498,0.016790299483008055
2025-04-18,0.016498603817902968,-0.014102677500382965,0.009443057430595881
2025-04-25,0.0039759828092952865,0.0460288740924073,0.019060277482547485
2025-05-02,-0.008596370109750623,0.029274938622814606,0.0071018618414958835
2025-05-09,0.010662873993577432,-0.004269894823340725,0.004756149186138737
2025-05-16,-0.015446615444373535,0.0529113083247843,0.010200808238674175
2025-05-23,0.018441813014197735,-0.025395440120477453,-0.0024979737884464493
2025-05-30,-0.0028136837810711192,0.01775152407579772,0.005108874951391519
2025-06-06,-0.0016499699188956217,0.01654236569487999,0.007681707703893026
2025-06-13,0.018111812953992973,-0.0035717468886059534,0.006374779316834434
2025-06-20,-0.005296332948831884,-0.0016132749958093218,-0.0014293381996407727
2025-06-27,-0.006175749836868273,0.034714167786145556,0.009721153746825272
2025-07-04,0.007626049854831435,0.01696195015229307,0.013648444677029128
2025-07-11,0.0010055810693210324,-0.002750556947425098,-0.001468522448069187
2025-07-18,0.0004475957576250744,0.006350026990205704,0.002199609100438127
2025-07-25,0.0048683989353707725,0.015169401325331622,0.0051932905627641406
2025-08-01,-0.006595974490502465,-0.024140781484711993,-0.008400284784051528
2025-08-08,0.01277707013860302,0.024866581971893842,0.012247346423071926
2025-08-15,0.0008143590399324217,0.00982461807669055,0.003680020295352949
2025-08-22,0.009157218241369482,0.002906312392661148,0.012144255603584854
2025-08-29,0.007184591007024433,-0.0004030014210449906,0.006276544920742656
2025-09-05,0.015253810099626407,0.0033950694152806715,0.014298644053125642
2025-09-12,0.008949660031328443,0.015712890725301243,0.0070522768694569315
2025-09-19,0.007717683584226531,0.012366845024330608,0.008053495796743594
2025-09-26,0.0027547959831561667,-0.0028325562231473755,0.0011005934504372482
2025-10-03,0.014242321846779028,0.01116615413952382,0.013476486076452333
2025-10-10,-0.0008241395254643068,-0.02419278204702513,-0.003073263717448339
2025-10-17,0.02226382724480661,0.017411470635344983,0.020270802994955296
2025-10-24,0.0015032239755768122,0.019356070768910216,0.00364497473601293
2025-10-31,-0.0074804453524794645,0.007102264873938724,-0.008492094572052689
2025-11-07,-0.006487603580840629,-0.016259671647706586,-0.006817324531074266
2025-11-14,0.0031925486085417672,0.0014308936722773336,0.0002339318155852423
2025-11-21,-0.005753941282683922,-0.019198430339653405,-0.004279090606924597
2025-11-28,0.026723757934381375,0.03696336253768129,0.02689880366760216
2025-12-05,-0.0012927788658660456,0.003365588310136003,-0.0008515969415638705
2025-12-12,0.004451869471129017,-0.005731491891449614,0.004989167374136572
2025-12-19,0.0025824172065698203,0.0012337582474888364,0.0011555201806843886
2025-12-26,0.016203632660038124,0.01428165868240372,0.012856262392892549
2026-01-02,-0.01623260056354382,-0.010343166003722759,-0.014119837959109427
2026-01-09,0.022303043342562962,0.01595501466866245,0.021566411341991068
2026-01-16,0.0035474889086190287,-0.003472281313865788,0.005787710524413471
2026-01-23,0.0059966405211768666,-0.0035133148038901663,0.01643327256973426
2026-01-30,-0.0042530161182397445,0.003975460654394469,-0.008367967193298066
2026-02-06,0.005644928964262242,-0.001950937693641075,0.009738628392419013
2026-02-13,-0.006770053395940345,-0.012843508237108225,0.0026952126476971648
2026-02-20,0.009159511938196446,0.011265179269563719,0.00549591420811113
2026-02-27,-0.00141005817198131,-0.004989677188090402,0.006135730939397188
2026-03-06,-0.02291378647780784,-0.019839946812501674,-0.019627681107595208
2026-03-13,-0.015876289407531108,-0.015006367038130297,-0.0148562081440925
2026-03-20,-0.024911068130634595,-0.018041555783047003,-0.02977105193316334
2026-03-27,-0.012746724330227785,-0.022326009999274476,-0.004688165028144709
2026-04-03,0.03189266773580411,0.034285336961040525,0.02483477733248227
